destination_id,name,alternative_names,city,district,state,country,latitude,longitude,destination_type,heritage_category,description,historical_significance,cultural_significance,best_time_to_visit,recommended_duration,estimated_budget,budget_category,crowd_level,hidden_gem_score,tourism_popularity,visitor_count,domestic_visitors,international_visitors,accessibility_score,senior_friendly,wheelchair_accessible,walking_difficulty,public_transport_available,nearest_transport,nearest_hospital,nearest_police_station,network_availability,lighting_condition,women_safety_score,women_safety_notes,emergency_support,nearby_safe_stay,sanitary_facilities,local_artisan_presence,local_crafts,local_food,cultural_experiences,responsible_tourism_notes,source,source_url,source_year,data_confidence
BV-ASI-0001,Aga  Khan Palace Building,NULL,Pune,Not Available,Maharashtra,India,18.5606,73.9014,Centrally Protected Monument/Site,Palace,Not Available,Not Available,Not Available,Not Available,Not Available,Not Available,Not Available,Not Available,NULL,High,229203,219939,9264,NULL,NULL,NULL,Not Available,NULL,Not Available,Not Available,Not Available,Not Available,Not Available,NULL,Not Available,Not Available,Not Available,Not Available,NULL,Not Available,Not Available,Not Available,Not Available,"CPM List 2024_(3698).pdf (ASI official list); asi_monuments_clean.csv (processed visitor data, source metadata not supplied); bharatverse_monuments.csv (processed enrichment, source metadata not supplied)",Not Available,2024,MEDIUM
BV-ASI-0002,Agra Fort,NULL,Agra,Not Available,Uttar Pradesh,India,27.1795,78.0211,Centrally Protected Monument/Site,UNESCO World Heritage Site,Not Available,Not Available,Not Available,Not Available,Not Available,Not Available,Not Available,Not Available,NULL,Iconic,2013676,1627154,386522,NULL,NULL,NULL,Not Available,NULL,Not Available,Not Available,Not Available,Not Available,Not Available,NULL,Not Available,Not Available,Not Available,Not Available,NULL,Not Available,Not Available,Not Available,Not Available,"CPM List 2024_(3698).pdf (ASI official list); asi_monuments_clean.csv (processed visitor data, source metadata not supplied); bharatverse_monuments.csv (processed enrichment, source metadata not supplied)",Not Available,2024,MEDIUM
BV-ASI-0003,Ahom Raja's Palace,NULL,Sivasagar,Not Available,Assam,India,26.985,94.638,Monument/Site (unverified against supplied CPM PDF),Palace,Not Available,Not Available,Not Available,Not Available,Not Available,Not Available,Not Available,Not Available,NULL,Medium,44875,44700,175,NULL,NULL,NULL,Not Available,NULL,Not Available,Not Available,Not Available,Not Available,Not Available,NULL,Not Available,Not Available,Not Available,Not Available,NULL,Not Available,Not Available,Not Available,Not Available,"CPM List 2024_(3698).pdf (ASI official list); asi_monuments_clean.csv (processed visitor data, source metadata not supplied); bharatverse_monuments.csv (processed enrichment, source metadata not supplied)",Not Available,2024,MEDIUM
BV-ASI-0004,Ajanta Caves,NULL,Aurangabad (Chhatrapati Sambhajinagar),Not Available,Maharashtra,India,20.5519,75.7033,Centrally Protected Monument/Site,UNESCO World Heritage Site,Not Available,Not Available,Not Available,Not Available,Not Available,Not Available,Not Available,Not Available,NULL,Very High,289243,273344,15899,NULL,NULL,NULL,Not Available,NULL,Not Available,Not Available,Not Available,Not Available,Not Available,NULL,Not Available,Not Available,Not Available,Not Available,NULL,Not Available,Not Available,Not Available,Not Available,"CPM List 2024_(3698).pdf (ASI official list); asi_monuments_clean.csv (processed visitor data, source metadata not supplied); bharatverse_monuments.csv (processed enrichment, source metadata not supplied)",Not Available,2024,MEDIUM
BV-ASI-0005,Akbar Tomb Sikandra,NULL,Agra,Not Available,Uttar Pradesh,India,27.2137,77.9506,Monument/Site (unverified against supplied CPM PDF),Tomb,Not Available,Not Available,Not Available,Not Available,Not Available,Not Available,Not Available,Not Available,NULL,High,248895,229270,19625,NULL,NULL,NULL,Not Available,NULL,Not Available,Not Available,Not Available,Not Available,Not Available,NULL,Not Available,Not Available,Not Available,Not Available,NULL,Not Available,Not Available,Not Available,Not Available,"CPM List 2024_(3698).pdf (ASI official list); asi_monuments_clean.csv (processed visitor data, source metadata not supplied); bharatverse_monuments.csv (processed enrichment, source metadata not supplied)",Not Available,2024,MEDIUM
BV-ASI-0006,Amaravati mahastupa,NULL,Amaravati,Not Available,Andhra Pradesh,India,16.573,80.358,Monument/Site (unverified against supplied CPM PDF),Stupa/Buddhist Site,Not Available,Not Available,Not Available,Not Available,Not Available,Not Available,Not Available,Not Available,NULL,Low,8323,8038,285,NULL,NULL,NULL,Not Available,NULL,Not Available,Not Available,Not Available,Not Available,Not Available,NULL,Not Available,Not Available,Not Available,Not Available,NULL,Not Available,Not Available,Not Available,Not Available,"CPM List 2024_(3698).pdf (ASI official list); asi_monuments_clean.csv (processed visitor data, source metadata not supplied); bharatverse_monuments.csv (processed enrichment, source metadata not supplied)",Not Available,2024,MEDIUM
BV-ASI-0007,"Ancient Buddhist Remains comprising monastery stupa, rock sculptures, inscriptions ect Mansur",NULL,Mansar,Not Available,Maharashtra,India,21.3833,79.2167,Monument/Site (unverified against supplied CPM PDF),Stupa/Buddhist Site,Not Available,Not Available,Not Available,Not Available,Not Available,Not Available,Not Available,Not Available,NULL,Low,1661,1596,65,NULL,NULL,NULL,Not Available,NULL,Not Available,Not Available,Not Available,Not Available,Not Available,NULL,Not Available,Not Available,Not Available,Not Available,NULL,Not Available,Not Available,Not Available,Not Available,"CPM List 2024_(3698).pdf (ASI official list); asi_monuments_clean.csv (processed visitor data, source metadata not supplied); bharatverse_monuments.csv (processed enrichment, source metadata not supplied)",Not Available,2024,MEDIUM
BV-ASI-0008,Ancient Buddhist Site known as Chaukhandi stupa,NULL,"Sarnath, Varanasi",Not Available,Uttar Pradesh,India,25.3781,83.0206,Centrally Protected Monument/Site,Stupa/Buddhist Site,Not Available,Not Available,Not Available,Not Available,Not Available,Not Available,Not Available,Not Available,NULL,Medium,60330,55144,5186,NULL,NULL,NULL,Not Available,NULL,Not Available,Not Available,Not Available,Not Available,Not Available,NULL,Not Available,Not Available,Not Available,Not Available,NULL,Not Available,Not Available,Not Available,Not Available,"CPM List 2024_(3698).pdf (ASI official list); asi_monuments_clean.csv (processed visitor data, source metadata not supplied); bharatverse_monuments.csv (processed enrichment, source metadata not supplied)",Not Available,2024,MEDIUM
BV-ASI-0009,Ancient Palace Leh,NULL,Leh,Not Available,Ladakh,India,34.1667,77.5852,Monument/Site (unverified against supplied CPM PDF),Palace,Not Available,Not Available,Not Available,Not Available,Not Available,Not Available,Not Available,Not Available,NULL,Medium,62310,56639,5671,NULL,NULL,NULL,Not Available,NULL,Not Available,Not Available,Not Available,Not Available,Not Available,NULL,Not Available,Not Available,Not Available,Not Available,NULL,Not Available,Not Available,Not Available,Not Available,"CPM List 2024_(3698).pdf (ASI official list); asi_monuments_clean.csv (processed visitor data, source metadata not supplied); bharatverse_monuments.csv (processed enrichment, source metadata not supplied)",Not Available,2024,MEDIUM
BV-ASI-0010,Ancient Remains on both Udaigiri & Khandagiri Hills,NULL,Bhubaneswar,Not Available,Odisha,India,20.2596,85.783,Monument/Site (unverified against supplied CPM PDF),Cave Monument,Not Available,Not Available,Not Available,Not Available,Not Available,Not Available,Not Available,Not Available,NULL,Very High,313604,311115,2489,NULL,NULL,NULL,Not Available,NULL,Not Available,Not Available,Not Available,Not Available,Not Available,NULL,Not Available,Not Available,Not Available,Not Available,NULL,Not Available,Not Available,Not Available,Not Available,"CPM List 2024_(3698).pdf (ASI official list); asi_monuments_clean.csv (processed visitor data, source metadata not supplied); bharatverse_monuments.csv (processed enrichment, source metadata not supplied)",Not Available,2024,MEDIUM
BV-ASI-0011,"Ancient Site and Adamgrah rock shelter, Kalamdi Rasuliya and kishanpur",NULL,Hoshangabad (Narmadapuram),Not Available,Madhya Pradesh,India,22.75,77.7167,Monument/Site (unverified against supplied CPM PDF),Archaeological Site,Not Available,Not Available,Not Available,Not Available,Not Available,Not Available,Not Available,Not Available,NULL,Low,23372,23354,18,NULL,NULL,NULL,Not Available,NULL,Not Available,Not Available,Not Available,Not Available,Not Available,NULL,Not Available,Not Available,Not Available,Not Available,NULL,Not Available,Not Available,Not Available,Not Available,"CPM List 2024_(3698).pdf (ASI official list); asi_monuments_clean.csv (processed visitor data, source metadata not supplied); bharatverse_monuments.csv (processed enrichment, source metadata not supplied)",Not Available,2024,MEDIUM
BV-ASI-0012,Ancient Site Bhangarh,NULL,Bhangarh,Not Available,Rajasthan,India,27.0952,76.2825,Centrally Protected Monument/Site,Archaeological Site,Not Available,Not Available,Not Available,Not Available,Not Available,Not Available,Not Available,Not Available,NULL,High,192726,190833,1893,NULL,NULL,NULL,Not Available,NULL,Not Available,Not Available,Not Available,Not Available,Not Available,NULL,Not Available,Not Available,Not Available,Not Available,NULL,Not Available,Not Available,Not Available,Not Available,"CPM List 2024_(3698).pdf (ASI official list); asi_monuments_clean.csv (processed visitor data, source metadata not supplied); bharatverse_monuments.csv (processed enrichment, source metadata not supplied)",Not Available,2024,MEDIUM
BV-ASI-0013,"Ancient site of Vaishali, Kolhua",NULL,Vaishali,Not Available,Bihar,India,25.9833,85.1333,Monument/Site (unverified against supplied CPM PDF),Archaeological Site,Not Available,Not Available,Not Available,Not Available,Not Available,Not Available,Not Available,Not Available,NULL,Medium,102593,89631,12962,NULL,NULL,NULL,Not Available,NULL,Not Available,Not Available,Not Available,Not Available,Not Available,NULL,Not Available,Not Available,Not Available,Not Available,NULL,Not Available,Not Available,Not Available,Not Available,"CPM List 2024_(3698).pdf (ASI official list); asi_monuments_clean.csv (processed visitor data, source metadata not supplied); bharatverse_monuments.csv (processed enrichment, source metadata not supplied)",Not Available,2024,MEDIUM
BV-ASI-0014,Ancient Site of Vikramshila Antichak,NULL,Bhagalpur,Not Available,Bihar,India,25.3167,87.2667,Monument/Site (unverified against supplied CPM PDF),Archaeological Site,Not Available,Not Available,Not Available,Not Available,Not Available,Not Available,Not Available,Not Available,NULL,Medium,66009,65573,436,NULL,NULL,NULL,Not Available,NULL,Not Available,Not Available,Not Available,Not Available,Not Available,NULL,Not Available,Not Available,Not Available,Not Available,NULL,Not Available,Not Available,Not Available,Not Available,"CPM List 2024_(3698).pdf (ASI official list); asi_monuments_clean.csv (processed visitor data, source metadata not supplied); bharatverse_monuments.csv (processed enrichment, source metadata not supplied)",Not Available,2024,MEDIUM
BV-ASI-0015,"Asokan Rock Edict, Jungadh",NULL,Junagadh,Not Available,Gujarat,India,21.5222,70.4579,Monument/Site (unverified against supplied CPM PDF),Archaeological Site,Not Available,Not Available,Not Available,Not Available,Not Available,Not Available,Not Available,Not Available,NULL,Low,6344,6176,168,NULL,NULL,NULL,Not Available,NULL,Not Available,Not Available,Not Available,Not Available,Not Available,NULL,Not Available,Not Available,Not Available,Not Available,NULL,Not Available,Not Available,Not Available,Not Available,"CPM List 2024_(3698).pdf (ASI official list); asi_monuments_clean.csv (processed visitor data, source metadata not supplied); bharatverse_monuments.csv (processed enrichment, source metadata not supplied)",Not Available,2024,MEDIUM
BV-ASI-0016,Aurangabad Caves,NULL,Aurangabad (Chhatrapati Sambhajinagar),Not Available,Maharashtra,India,19.907,75.326,Centrally Protected Monument/Site,Cave Monument,Not Available,Not Available,Not Available,Not Available,Not Available,Not Available,Not Available,Not Available,NULL,High,184722,182032,2690,NULL,NULL,NULL,Not Available,NULL,Not Available,Not Available,Not Available,Not Available,Not Available,NULL,Not Available,Not Available,Not Available,Not Available,NULL,Not Available,Not Available,Not Available,Not Available,"CPM List 2024_(3698).pdf (ASI official list); asi_monuments_clean.csv (processed visitor data, source metadata not supplied); bharatverse_monuments.csv (processed enrichment, source metadata not supplied)",Not Available,2024,MEDIUM
BV-ASI-0017,"Avantiswamin Temple, Avantipur, District Pulwama",NULL,Avantipora,Not Available,Jammu and Kashmir,India,33.9167,75.0167,Monument/Site (unverified against supplied CPM PDF),Temple,Not Available,Not Available,Not Available,Not Available,Not Available,Not Available,Not Available,Not Available,NULL,Low,9971,9939,32,NULL,NULL,NULL,Not Available,NULL,Not Available,Not Available,Not Available,Not Available,Not Available,NULL,Not Available,Not Available,Not Available,Not Available,NULL,Not Available,Not Available,Not Available,Not Available,"CPM List 2024_(3698).pdf (ASI official list); asi_monuments_clean.csv (processed visitor data, source metadata not supplied); bharatverse_monuments.csv (processed enrichment, source metadata not supplied)",Not Available,2024,MEDIUM
BV-ASI-0018,"Baba Pyara Caves,Junagadh & Khapra Khodiya Caves, Junagadh",NULL,Junagadh,Not Available,Gujarat,India,21.52,70.47,Monument/Site (unverified against supplied CPM PDF),Cave Monument,Not Available,Not Available,Not Available,Not Available,Not Available,Not Available,Not Available,Not Available,NULL,Low,6000,5858,142,NULL,NULL,NULL,Not Available,NULL,Not Available,Not Available,Not Available,Not Available,Not Available,NULL,Not Available,Not Available,Not Available,Not Available,NULL,Not Available,Not Available,Not Available,Not Available,"CPM List 2024_(3698).pdf (ASI official list); asi_monuments_clean.csv (processed visitor data, source metadata not supplied); bharatverse_monuments.csv (processed enrichment, source metadata not supplied)",Not Available,2024,MEDIUM
BV-ASI-0019,"Badal Mahal Gatwway, Chanderi",NULL,Chanderi,Not Available,Madhya Pradesh,India,24.7167,78.1333,Monument/Site (unverified against supplied CPM PDF),Palace,Not Available,Not Available,Not Available,Not Available,Not Available,Not Available,Not Available,Not Available,NULL,Low,13797,13708,89,NULL,NULL,NULL,Not Available,NULL,Not Available,Not Available,Not Available,Not Available,Not Available,NULL,Not Available,Not Available,Not Available,Not Available,NULL,Not Available,Not Available,Not Available,Not Available,"CPM List 2024_(3698).pdf (ASI official list); asi_monuments_clean.csv (processed visitor data, source metadata not supplied); bharatverse_monuments.csv (processed enrichment, source metadata not supplied)",Not Available,2024,MEDIUM
BV-ASI-0020,Baori at Abhaneri,NULL,Abhaneri,Not Available,Rajasthan,India,27.0086,76.6058,Monument/Site (unverified against supplied CPM PDF),Stepwell,Not Available,Not Available,Not Available,Not Available,Not Available,Not Available,Not Available,Not Available,NULL,High,152553,66821,85732,NULL,NULL,NULL,Not Available,NULL,Not Available,Not Available,Not Available,Not Available,Not Available,NULL,Not Available,Not Available,Not Available,Not Available,NULL,Not Available,Not Available,Not Available,Not Available,"CPM List 2024_(3698).pdf (ASI official list); asi_monuments_clean.csv (processed visitor data, source metadata not supplied); bharatverse_monuments.csv (processed enrichment, source metadata not supplied)",Not Available,2024,MEDIUM
BV-ASI-0021,"Bekal Fort, Pallikkare, Distt. Kasargod",NULL,Kasaragod,Not Available,Kerala,India,12.3958,75.0329,Monument/Site (unverified against supplied CPM PDF),Fort,Not Available,Not Available,Not Available,Not Available,Not Available,Not Available,Not Available,Not Available,NULL,Very High,335574,334846,728,NULL,NULL,NULL,Not Available,NULL,Not Available,Not Available,Not Available,Not Available,Not Available,NULL,Not Available,Not Available,Not Available,Not Available,NULL,Not Available,Not Available,Not Available,Not Available,"CPM List 2024_(3698).pdf (ASI official list); asi_monuments_clean.csv (processed visitor data, source metadata not supplied); bharatverse_monuments.csv (processed enrichment, source metadata not supplied)",Not Available,2024,MEDIUM
BV-ASI-0022,Bellary Fort,NULL,Ballari,Not Available,Karnataka,India,15.1394,76.9214,Monument/Site (unverified against supplied CPM PDF),Fort,Not Available,Not Available,Not Available,Not Available,Not Available,Not Available,Not Available,Not Available,NULL,Medium,28779,28723,56,NULL,NULL,NULL,Not Available,NULL,Not Available,Not Available,Not Available,Not Available,Not Available,NULL,Not Available,Not Available,Not Available,Not Available,NULL,Not Available,Not Available,Not Available,Not Available,"CPM List 2024_(3698).pdf (ASI official list); asi_monuments_clean.csv (processed visitor data, source metadata not supplied); bharatverse_monuments.csv (processed enrichment, source metadata not supplied)",Not Available,2024,MEDIUM
BV-ASI-0023,Bir Singh Palace Datia,NULL,Datia,Not Available,Madhya Pradesh,India,25.6654,78.4606,Centrally Protected Monument/Site,Palace,Not Available,Not Available,Not Available,Not Available,Not Available,Not Available,Not Available,Not Available,NULL,Low,24118,23382,736,NULL,NULL,NULL,Not Available,NULL,Not Available,Not Available,Not Available,Not Available,Not Available,NULL,Not Available,Not Available,Not Available,Not Available,NULL,Not Available,Not Available,Not Available,Not Available,"CPM List 2024_(3698).pdf (ASI official list); asi_monuments_clean.csv (processed visitor data, source metadata not supplied); bharatverse_monuments.csv (processed enrichment, source metadata not supplied)",Not Available,2024,MEDIUM
BV-ASI-0024,Bishnudol,NULL,Sivasagar,Not Available,Assam,India,26.9833,94.6333,Centrally Protected Monument/Site,Temple,Not Available,Not Available,Not Available,Not Available,Not Available,Not Available,Not Available,Not Available,NULL,Low,21180,21062,118,NULL,NULL,NULL,Not Available,NULL,Not Available,Not Available,Not Available,Not Available,Not Available,NULL,Not Available,Not Available,Not Available,Not Available,NULL,Not Available,Not Available,Not Available,Not Available,"CPM List 2024_(3698).pdf (ASI official list); asi_monuments_clean.csv (processed visitor data, source metadata not supplied); bharatverse_monuments.csv (processed enrichment, source metadata not supplied)",Not Available,2024,MEDIUM
BV-ASI-0025,Bishnupur Temples,NULL,Bishnupur,Not Available,West Bengal,India,23.0745,87.3119,Monument/Site (unverified against supplied CPM PDF),Temple,Not Available,Not Available,Not Available,Not Available,Not Available,Not Available,Not Available,Not Available,NULL,High,155491,154986,505,NULL,NULL,NULL,Not Available,NULL,Not Available,Not Available,Not Available,Not Available,Not Available,NULL,Not Available,Not Available,Not Available,Not Available,NULL,Not Available,Not Available,Not Available,Not Available,"CPM List 2024_(3698).pdf (ASI official list); asi_monuments_clean.csv (processed visitor data, source metadata not supplied); bharatverse_monuments.csv (processed enrichment, source metadata not supplied)",Not Available,2024,MEDIUM
BV-ASI-0026,"Buddhish Caves, Junagadh",NULL,Junagadh,Not Available,Gujarat,India,21.5175,70.465,Monument/Site (unverified against supplied CPM PDF),Cave Monument,Not Available,Not Available,Not Available,Not Available,Not Available,Not Available,Not Available,Not Available,NULL,Low,19551,18755,796,NULL,NULL,NULL,Not Available,NULL,Not Available,Not Available,Not Available,Not Available,Not Available,NULL,Not Available,Not Available,Not Available,Not Available,NULL,Not Available,Not Available,Not Available,Not Available,"CPM List 2024_(3698).pdf (ASI official list); asi_monuments_clean.csv (processed visitor data, source metadata not supplied); bharatverse_monuments.csv (processed enrichment, source metadata not supplied)",Not Available,2024,MEDIUM
BV-ASI-0027,"Buddhist cave no 01 to 51 Dhamnar, Tehsil Garoth",NULL,Dhamnar,Not Available,Madhya Pradesh,India,24.1667,75.35,Monument/Site (unverified against supplied CPM PDF),Cave Monument,Not Available,Not Available,Not Available,Not Available,Not Available,Not Available,Not Available,Not Available,NULL,Medium,32582,32578,4,NULL,NULL,NULL,Not Available,NULL,Not Available,Not Available,Not Available,Not Available,Not Available,NULL,Not Available,Not Available,Not Available,Not Available,NULL,Not Available,Not Available,Not Available,Not Available,"CPM List 2024_(3698).pdf (ASI official list); asi_monuments_clean.csv (processed visitor data, source metadata not supplied); bharatverse_monuments.csv (processed enrichment, source metadata not supplied)",Not Available,2024,MEDIUM
BV-ASI-0028,Buddhist Caves,NULL,Bagh,Not Available,Madhya Pradesh,India,22.3667,74.75,Centrally Protected Monument/Site,Cave Monument,Not Available,Not Available,Not Available,Not Available,Not Available,Not Available,Not Available,Not Available,NULL,Low,19962,19920,42,NULL,NULL,NULL,Not Available,NULL,Not Available,Not Available,Not Available,Not Available,Not Available,NULL,Not Available,Not Available,Not Available,Not Available,NULL,Not Available,Not Available,Not Available,Not Available,"CPM List 2024_(3698).pdf (ASI official list); asi_monuments_clean.csv (processed visitor data, source metadata not supplied); bharatverse_monuments.csv (processed enrichment, source metadata not supplied)",Not Available,2024,MEDIUM
BV-ASI-0029,Buddhist Caves Kanheri,NULL,Mumbai,Not Available,Maharashtra,India,19.2147,72.9106,Monument/Site (unverified against supplied CPM PDF),Cave Monument,Not Available,Not Available,Not Available,Not Available,Not Available,Not Available,Not Available,Not Available,NULL,Very High,413914,401808,12106,NULL,NULL,NULL,Not Available,NULL,Not Available,Not Available,Not Available,Not Available,Not Available,NULL,Not Available,Not Available,Not Available,Not Available,NULL,Not Available,Not Available,Not Available,Not Available,"CPM List 2024_(3698).pdf (ASI official list); asi_monuments_clean.csv (processed visitor data, source metadata not supplied); bharatverse_monuments.csv (processed enrichment, source metadata not supplied)",Not Available,2024,MEDIUM
BV-ASI-0030,"Buddhist Monuments, Sanchi",NULL,Sanchi,Not Available,Madhya Pradesh,India,23.4793,77.7398,Centrally Protected Monument/Site,UNESCO World Heritage Site,Not Available,Not Available,Not Available,Not Available,Not Available,Not Available,Not Available,Not Available,NULL,High,254692,250706,3986,NULL,NULL,NULL,Not Available,NULL,Not Available,Not Available,Not Available,Not Available,Not Available,NULL,Not Available,Not Available,Not Available,Not Available,NULL,Not Available,Not Available,Not Available,Not Available,"CPM List 2024_(3698).pdf (ASI official list); asi_monuments_clean.csv (processed visitor data, source metadata not supplied); bharatverse_monuments.csv (processed enrichment, source metadata not supplied)",Not Available,2024,MEDIUM
BV-ASI-0031,"Buddhist Remains on hill top at Guntupalli, W.G.District",NULL,Guntupalli,Not Available,Andhra Pradesh,India,17.2667,81.1,Monument/Site (unverified against supplied CPM PDF),Stupa/Buddhist Site,Not Available,Not Available,Not Available,Not Available,Not Available,Not Available,Not Available,Not Available,NULL,Low,22438,22353,85,NULL,NULL,NULL,Not Available,NULL,Not Available,Not Available,Not Available,Not Available,Not Available,NULL,Not Available,Not Available,Not Available,Not Available,NULL,Not Available,Not Available,Not Available,Not Available,"CPM List 2024_(3698).pdf (ASI official list); asi_monuments_clean.csv (processed visitor data, source metadata not supplied); bharatverse_monuments.csv (processed enrichment, source metadata not supplied)",Not Available,2024,MEDIUM
BV-ASI-0032,Caves 1 t0 20 Udaygiri Vidisha,NULL,"Udayagiri, Vidisha",Not Available,Madhya Pradesh,India,23.527,77.768,Monument/Site (unverified against supplied CPM PDF),Cave Monument,Not Available,Not Available,Not Available,Not Available,Not Available,Not Available,Not Available,Not Available,NULL,Medium,54287,53546,741,NULL,NULL,NULL,Not Available,NULL,Not Available,Not Available,Not Available,Not Available,Not Available,NULL,Not Available,Not Available,Not Available,Not Available,NULL,Not Available,Not Available,Not Available,Not Available,"CPM List 2024_(3698).pdf (ASI official list); asi_monuments_clean.csv (processed visitor data, source metadata not supplied); bharatverse_monuments.csv (processed enrichment, source metadata not supplied)",Not Available,2024,MEDIUM
BV-ASI-0033,"Caves, Temples and inscriptions Karla",NULL,Karla,Not Available,Maharashtra,India,18.7833,73.4833,Monument/Site (unverified against supplied CPM PDF),Cave Monument,Not Available,Not Available,Not Available,Not Available,Not Available,Not Available,Not Available,Not Available,NULL,High,221826,219758,2068,NULL,NULL,NULL,Not Available,NULL,Not Available,Not Available,Not Available,Not Available,Not Available,NULL,Not Available,Not Available,Not Available,Not Available,NULL,Not Available,Not Available,Not Available,Not Available,"CPM List 2024_(3698).pdf (ASI official list); asi_monuments_clean.csv (processed visitor data, source metadata not supplied); bharatverse_monuments.csv (processed enrichment, source metadata not supplied)",Not Available,2024,MEDIUM
BV-ASI-0034,"Cave, Temple and Inscriptions, Junaar, Lenyadri",NULL,Junnar,Not Available,Maharashtra,India,19.1928,73.8836,Monument/Site (unverified against supplied CPM PDF),Cave Monument,Not Available,Not Available,Not Available,Not Available,Not Available,Not Available,Not Available,Not Available,NULL,Very High,355051,354946,105,NULL,NULL,NULL,Not Available,NULL,Not Available,Not Available,Not Available,Not Available,Not Available,NULL,Not Available,Not Available,Not Available,Not Available,NULL,Not Available,Not Available,Not Available,Not Available,"CPM List 2024_(3698).pdf (ASI official list); asi_monuments_clean.csv (processed visitor data, source metadata not supplied); bharatverse_monuments.csv (processed enrichment, source metadata not supplied)",Not Available,2024,MEDIUM
BV-ASI-0035,"Cave Temple & Inscriptions, Bhaja",NULL,Bhaja,Not Available,Maharashtra,India,18.7333,73.4333,Monument/Site (unverified against supplied CPM PDF),Cave Monument,Not Available,Not Available,Not Available,Not Available,Not Available,Not Available,Not Available,Not Available,NULL,Medium,82191,80319,1872,NULL,NULL,NULL,Not Available,NULL,Not Available,Not Available,Not Available,Not Available,Not Available,NULL,Not Available,Not Available,Not Available,Not Available,NULL,Not Available,Not Available,Not Available,Not Available,"CPM List 2024_(3698).pdf (ASI official list); asi_monuments_clean.csv (processed visitor data, source metadata not supplied); bharatverse_monuments.csv (processed enrichment, source metadata not supplied)",Not Available,2024,MEDIUM
BV-ASI-0036,"Champaner Monuments, Pavagadh",NULL,Champaner,Not Available,Gujarat,India,22.487,73.537,Monument/Site (unverified against supplied CPM PDF),UNESCO World Heritage Site,Not Available,Not Available,Not Available,Not Available,Not Available,Not Available,Not Available,Not Available,NULL,Medium,61350,59402,1948,NULL,NULL,NULL,Not Available,NULL,Not Available,Not Available,Not Available,Not Available,Not Available,NULL,Not Available,Not Available,Not Available,Not Available,NULL,Not Available,Not Available,Not Available,Not Available,"CPM List 2024_(3698).pdf (ASI official list); asi_monuments_clean.csv (processed visitor data, source metadata not supplied); bharatverse_monuments.csv (processed enrichment, source metadata not supplied)",Not Available,2024,MEDIUM
BV-ASI-0037,Chandragiri Monument,NULL,Chandragiri,Not Available,Andhra Pradesh,India,13.5833,79.3167,Monument/Site (unverified against supplied CPM PDF),Fort,Not Available,Not Available,Not Available,Not Available,Not Available,Not Available,Not Available,Not Available,NULL,High,103598,103489,109,NULL,NULL,NULL,Not Available,NULL,Not Available,Not Available,Not Available,Not Available,Not Available,NULL,Not Available,Not Available,Not Available,Not Available,NULL,Not Available,Not Available,Not Available,Not Available,"CPM List 2024_(3698).pdf (ASI official list); asi_monuments_clean.csv (processed visitor data, source metadata not supplied); bharatverse_monuments.csv (processed enrichment, source metadata not supplied)",Not Available,2024,MEDIUM
BV-ASI-0038,Charminar,NULL,Hyderabad,Not Available,Telangana,India,17.3616,78.4747,Centrally Protected Monument/Site,Monument,Not Available,Not Available,Not Available,Not Available,Not Available,Not Available,Not Available,Not Available,NULL,Iconic,1159736,1151933,7803,NULL,NULL,NULL,Not Available,NULL,Not Available,Not Available,Not Available,Not Available,Not Available,NULL,Not Available,Not Available,Not Available,Not Available,NULL,Not Available,Not Available,Not Available,Not Available,"CPM List 2024_(3698).pdf (ASI official list); asi_monuments_clean.csv (processed visitor data, source metadata not supplied); bharatverse_monuments.csv (processed enrichment, source metadata not supplied)",Not Available,2024,MEDIUM
BV-ASI-0039,Chittaurgarh Fort,NULL,Chittorgarh,Not Available,Rajasthan,India,24.8887,74.6269,Monument/Site (unverified against supplied CPM PDF),UNESCO World Heritage Site,Not Available,Not Available,Not Available,Not Available,Not Available,Not Available,Not Available,Not Available,NULL,Very High,580321,565133,15188,NULL,NULL,NULL,Not Available,NULL,Not Available,Not Available,Not Available,Not Available,Not Available,NULL,Not Available,Not Available,Not Available,Not Available,NULL,Not Available,Not Available,Not Available,Not Available,"CPM List 2024_(3698).pdf (ASI official list); asi_monuments_clean.csv (processed visitor data, source metadata not supplied); bharatverse_monuments.csv (processed enrichment, source metadata not supplied)",Not Available,2024,MEDIUM
BV-ASI-0040,Cooch Bihar Palace,NULL,Cooch Behar,Not Available,West Bengal,India,26.32,89.44,Monument/Site (unverified against supplied CPM PDF),Palace,Not Available,Not Available,Not Available,Not Available,Not Available,Not Available,Not Available,Not Available,NULL,Very High,465605,465553,52,NULL,NULL,NULL,Not Available,NULL,Not Available,Not Available,Not Available,Not Available,Not Available,NULL,Not Available,Not Available,Not Available,Not Available,NULL,Not Available,Not Available,Not Available,Not Available,"CPM List 2024_(3698).pdf (ASI official list); asi_monuments_clean.csv (processed visitor data, source metadata not supplied); bharatverse_monuments.csv (processed enrichment, source metadata not supplied)",Not Available,2024,MEDIUM
BV-ASI-0041,Dariya Daulath Bagh,NULL,Srirangapatna,Not Available,Karnataka,India,12.4222,76.6975,Monument/Site (unverified against supplied CPM PDF),Palace,Not Available,Not Available,Not Available,Not Available,Not Available,Not Available,Not Available,Not Available,NULL,Very High,660576,646560,14016,NULL,NULL,NULL,Not Available,NULL,Not Available,Not Available,Not Available,Not Available,Not Available,NULL,Not Available,Not Available,Not Available,Not Available,NULL,Not Available,Not Available,Not Available,Not Available,"CPM List 2024_(3698).pdf (ASI official list); asi_monuments_clean.csv (processed visitor data, source metadata not supplied); bharatverse_monuments.csv (processed enrichment, source metadata not supplied)",Not Available,2024,MEDIUM
BV-ASI-0042,Daulatabad Fort,NULL,Aurangabad (Chhatrapati Sambhajinagar),Not Available,Maharashtra,India,19.9438,75.2183,Centrally Protected Monument/Site,Fort,Not Available,Not Available,Not Available,Not Available,Not Available,Not Available,Not Available,Not Available,NULL,Very High,521664,515935,5729,NULL,NULL,NULL,Not Available,NULL,Not Available,Not Available,Not Available,Not Available,Not Available,NULL,Not Available,Not Available,Not Available,Not Available,NULL,Not Available,Not Available,Not Available,Not Available,"CPM List 2024_(3698).pdf (ASI official list); asi_monuments_clean.csv (processed visitor data, source metadata not supplied); bharatverse_monuments.csv (processed enrichment, source metadata not supplied)",Not Available,2024,MEDIUM
BV-ASI-0043,Deeg Bhawan,NULL,Deeg,Not Available,Rajasthan,India,27.4719,77.3253,Centrally Protected Monument/Site,Palace,Not Available,Not Available,Not Available,Not Available,Not Available,Not Available,Not Available,Not Available,NULL,Medium,29577,28510,1067,NULL,NULL,NULL,Not Available,NULL,Not Available,Not Available,Not Available,Not Available,Not Available,NULL,Not Available,Not Available,Not Available,Not Available,NULL,Not Available,Not Available,Not Available,Not Available,"CPM List 2024_(3698).pdf (ASI official list); asi_monuments_clean.csv (processed visitor data, source metadata not supplied); bharatverse_monuments.csv (processed enrichment, source metadata not supplied)",Not Available,2024,MEDIUM
BV-ASI-0044,Durga temple complex Aihole,NULL,Aihole,Not Available,Karnataka,India,16.0217,75.8811,Monument/Site (unverified against supplied CPM PDF),Temple,Not Available,Not Available,Not Available,Not Available,Not Available,Not Available,Not Available,Not Available,NULL,High,190616,186767,3849,NULL,NULL,NULL,Not Available,NULL,Not Available,Not Available,Not Available,Not Available,Not Available,NULL,Not Available,Not Available,Not Available,Not Available,NULL,Not Available,Not Available,Not Available,Not Available,"CPM List 2024_(3698).pdf (ASI official list); asi_monuments_clean.csv (processed visitor data, source metadata not supplied); bharatverse_monuments.csv (processed enrichment, source metadata not supplied)",Not Available,2024,MEDIUM
BV-ASI-0045,Elephanta Caves,NULL,Mumbai,Not Available,Maharashtra,India,18.9633,72.9315,Centrally Protected Monument/Site,UNESCO World Heritage Site,Not Available,Not Available,Not Available,Not Available,Not Available,Not Available,Not Available,Not Available,NULL,Very High,724753,686862,37891,NULL,NULL,NULL,Not Available,NULL,Not Available,Not Available,Not Available,Not Available,Not Available,NULL,Not Available,Not Available,Not Available,Not Available,NULL,Not Available,Not Available,Not Available,Not Available,"CPM List 2024_(3698).pdf (ASI official list); asi_monuments_clean.csv (processed visitor data, source metadata not supplied); bharatverse_monuments.csv (processed enrichment, source metadata not supplied)",Not Available,2024,MEDIUM
BV-ASI-0046,Ellora Caves,NULL,Aurangabad (Chhatrapati Sambhajinagar),Not Available,Maharashtra,India,20.0258,75.178,Centrally Protected Monument/Site,UNESCO World Heritage Site,Not Available,Not Available,Not Available,Not Available,Not Available,Not Available,Not Available,Not Available,NULL,Iconic,1280687,1259261,21426,NULL,NULL,NULL,Not Available,NULL,Not Available,Not Available,Not Available,Not Available,Not Available,NULL,Not Available,Not Available,Not Available,Not Available,NULL,Not Available,Not Available,Not Available,Not Available,"CPM List 2024_(3698).pdf (ASI official list); asi_monuments_clean.csv (processed visitor data, source metadata not supplied); bharatverse_monuments.csv (processed enrichment, source metadata not supplied)",Not Available,2024,MEDIUM
BV-ASI-0047,Excavated Remains at Nalanda,NULL,Nalanda,Not Available,Bihar,India,25.1358,85.4436,Monument/Site (unverified against supplied CPM PDF),UNESCO World Heritage Site,Not Available,Not Available,Not Available,Not Available,Not Available,Not Available,Not Available,Not Available,NULL,Very High,464409,437506,26903,NULL,NULL,NULL,Not Available,NULL,Not Available,Not Available,Not Available,Not Available,Not Available,NULL,Not Available,Not Available,Not Available,Not Available,NULL,Not Available,Not Available,Not Available,Not Available,"CPM List 2024_(3698).pdf (ASI official list); asi_monuments_clean.csv (processed visitor data, source metadata not supplied); bharatverse_monuments.csv (processed enrichment, source metadata not supplied)",Not Available,2024,MEDIUM
BV-ASI-0048,Excavated Remains at sarnath,NULL,"Sarnath, Varanasi",Not Available,Uttar Pradesh,India,25.381,83.023,Monument/Site (unverified against supplied CPM PDF),UNESCO World Heritage Site,Not Available,Not Available,Not Available,Not Available,Not Available,Not Available,Not Available,Not Available,NULL,Very High,585899,485309,100590,NULL,NULL,NULL,Not Available,NULL,Not Available,Not Available,Not Available,Not Available,Not Available,NULL,Not Available,Not Available,Not Available,Not Available,NULL,Not Available,Not Available,Not Available,Not Available,"CPM List 2024_(3698).pdf (ASI official list); asi_monuments_clean.csv (processed visitor data, source metadata not supplied); bharatverse_monuments.csv (processed enrichment, source metadata not supplied)",Not Available,2024,MEDIUM
BV-ASI-0049,Fatehpur Sikri,NULL,Fatehpur Sikri,Not Available,Uttar Pradesh,India,27.0937,77.6613,Centrally Protected Monument/Site,UNESCO World Heritage Site,Not Available,Not Available,Not Available,Not Available,Not Available,Not Available,Not Available,Not Available,NULL,Very High,639127,454376,184751,NULL,NULL,NULL,Not Available,NULL,Not Available,Not Available,Not Available,Not Available,Not Available,NULL,Not Available,Not Available,Not Available,Not Available,NULL,Not Available,Not Available,Not Available,Not Available,"CPM List 2024_(3698).pdf (ASI official list); asi_monuments_clean.csv (processed visitor data, source metadata not supplied); bharatverse_monuments.csv (processed enrichment, source metadata not supplied)",Not Available,2024,MEDIUM
BV-ASI-0050,"Fort Museum, Thirumayam",NULL,Thirumayam,Not Available,Tamil Nadu,India,10.3167,78.7667,Monument/Site (unverified against supplied CPM PDF),Fort,Not Available,Not Available,Not Available,Not Available,Not Available,Not Available,Not Available,Not Available,NULL,Very High,300088,294829,5259,NULL,NULL,NULL,Not Available,NULL,Not Available,Not Available,Not Available,Not Available,Not Available,NULL,Not Available,Not Available,Not Available,Not Available,NULL,Not Available,Not Available,Not Available,Not Available,"CPM List 2024_(3698).pdf (ASI official list); asi_monuments_clean.csv (processed visitor data, source metadata not supplied); bharatverse_monuments.csv (processed enrichment, source metadata not supplied)",Not Available,2024,MEDIUM
BV-ASI-0051,"Fort on Rock, Dindigual",NULL,Dindigul,Not Available,Tamil Nadu,India,10.3624,77.9695,Monument/Site (unverified against supplied CPM PDF),Fort,Not Available,Not Available,Not Available,Not Available,Not Available,Not Available,Not Available,Not Available,NULL,Low,24751,24657,94,NULL,NULL,NULL,Not Available,NULL,Not Available,Not Available,Not Available,Not Available,Not Available,NULL,Not Available,Not Available,Not Available,Not Available,NULL,Not Available,Not Available,Not Available,Not Available,"CPM List 2024_(3698).pdf (ASI official list); asi_monuments_clean.csv (processed visitor data, source metadata not supplied); bharatverse_monuments.csv (processed enrichment, source metadata not supplied)",Not Available,2024,MEDIUM
BV-ASI-0052,"Fort, Palakkad, Palakkad",NULL,Palakkad,Not Available,Kerala,India,10.7867,76.6548,Monument/Site (unverified against supplied CPM PDF),Fort,Not Available,Not Available,Not Available,Not Available,Not Available,Not Available,Not Available,Not Available,NULL,High,174830,174589,241,NULL,NULL,NULL,Not Available,NULL,Not Available,Not Available,Not Available,Not Available,Not Available,NULL,Not Available,Not Available,Not Available,Not Available,NULL,Not Available,Not Available,Not Available,Not Available,"CPM List 2024_(3698).pdf (ASI official list); asi_monuments_clean.csv (processed visitor data, source metadata not supplied); bharatverse_monuments.csv (processed enrichment, source metadata not supplied)",Not Available,2024,MEDIUM
BV-ASI-0053,Fortress and Temple Chitrudurga Fort,NULL,Chitradurga,Not Available,Karnataka,India,14.2308,76.4173,Monument/Site (unverified against supplied CPM PDF),Fort,Not Available,Not Available,Not Available,Not Available,Not Available,Not Available,Not Available,Not Available,NULL,Very High,339435,338340,1095,NULL,NULL,NULL,Not Available,NULL,Not Available,Not Available,Not Available,Not Available,Not Available,NULL,Not Available,Not Available,Not Available,Not Available,NULL,Not Available,Not Available,Not Available,Not Available,"CPM List 2024_(3698).pdf (ASI official list); asi_monuments_clean.csv (processed visitor data, source metadata not supplied); bharatverse_monuments.csv (processed enrichment, source metadata not supplied)",Not Available,2024,MEDIUM
BV-ASI-0054,"Fort St. Angelo, Kannur",NULL,Kannur,Not Available,Kerala,India,11.873,75.3585,Centrally Protected Monument/Site,Fort,Not Available,Not Available,Not Available,Not Available,Not Available,Not Available,Not Available,Not Available,NULL,High,237823,234518,3305,NULL,NULL,NULL,Not Available,NULL,Not Available,Not Available,Not Available,Not Available,Not Available,NULL,Not Available,Not Available,Not Available,Not Available,NULL,Not Available,Not Available,Not Available,Not Available,"CPM List 2024_(3698).pdf (ASI official list); asi_monuments_clean.csv (processed visitor data, source metadata not supplied); bharatverse_monuments.csv (processed enrichment, source metadata not supplied)",Not Available,2024,MEDIUM
BV-ASI-0055,Fort Vattakottai,NULL,Vattakottai,Not Available,Tamil Nadu,India,8.0883,77.5433,Monument/Site (unverified against supplied CPM PDF),Fort,Not Available,Not Available,Not Available,Not Available,Not Available,Not Available,Not Available,Not Available,NULL,High,159832,159492,340,NULL,NULL,NULL,Not Available,NULL,Not Available,Not Available,Not Available,Not Available,Not Available,NULL,Not Available,Not Available,Not Available,Not Available,NULL,Not Available,Not Available,Not Available,Not Available,"CPM List 2024_(3698).pdf (ASI official list); asi_monuments_clean.csv (processed visitor data, source metadata not supplied); bharatverse_monuments.csv (processed enrichment, source metadata not supplied)",Not Available,2024,MEDIUM
BV-ASI-0056,Gawilgarh Fort,NULL,Chikhaldara,Not Available,Maharashtra,India,21.3667,77.3167,Centrally Protected Monument/Site,Fort,Not Available,Not Available,Not Available,Not Available,Not Available,Not Available,Not Available,Not Available,NULL,Medium,43806,43795,11,NULL,NULL,NULL,Not Available,NULL,Not Available,Not Available,Not Available,Not Available,Not Available,NULL,Not Available,Not Available,Not Available,Not Available,NULL,Not Available,Not Available,Not Available,Not Available,"CPM List 2024_(3698).pdf (ASI official list); asi_monuments_clean.csv (processed visitor data, source metadata not supplied); bharatverse_monuments.csv (processed enrichment, source metadata not supplied)",Not Available,2024,MEDIUM
BV-ASI-0057,"Gingee Fort , Gingee",NULL,Gingee,Not Available,Tamil Nadu,India,12.2542,79.4126,Monument/Site (unverified against supplied CPM PDF),Fort,Not Available,Not Available,Not Available,Not Available,Not Available,Not Available,Not Available,Not Available,NULL,High,108809,107073,1736,NULL,NULL,NULL,Not Available,NULL,Not Available,Not Available,Not Available,Not Available,Not Available,NULL,Not Available,Not Available,Not Available,Not Available,NULL,Not Available,Not Available,Not Available,Not Available,"CPM List 2024_(3698).pdf (ASI official list); asi_monuments_clean.csv (processed visitor data, source metadata not supplied); bharatverse_monuments.csv (processed enrichment, source metadata not supplied)",Not Available,2024,MEDIUM
BV-ASI-0058,Golconda,NULL,Hyderabad,Not Available,Telangana,India,17.3833,78.4011,Monument/Site (unverified against supplied CPM PDF),Fort,Not Available,Not Available,Not Available,Not Available,Not Available,Not Available,Not Available,Not Available,NULL,Iconic,1650991,1630419,20572,NULL,NULL,NULL,Not Available,NULL,Not Available,Not Available,Not Available,Not Available,Not Available,NULL,Not Available,Not Available,Not Available,Not Available,NULL,Not Available,Not Available,Not Available,Not Available,"CPM List 2024_(3698).pdf (ASI official list); asi_monuments_clean.csv (processed visitor data, source metadata not supplied); bharatverse_monuments.csv (processed enrichment, source metadata not supplied)",Not Available,2024,MEDIUM
BV-ASI-0059,"Gol Gumbaz, Vijayapura",NULL,Vijayapura (Bijapur),Not Available,Karnataka,India,16.8302,75.71,Centrally Protected Monument/Site,Tomb,Not Available,Not Available,Not Available,Not Available,Not Available,Not Available,Not Available,Not Available,NULL,Iconic,815626,813943,1683,NULL,NULL,NULL,Not Available,NULL,Not Available,Not Available,Not Available,Not Available,Not Available,NULL,Not Available,Not Available,Not Available,Not Available,NULL,Not Available,Not Available,Not Available,Not Available,"CPM List 2024_(3698).pdf (ASI official list); asi_monuments_clean.csv (processed visitor data, source metadata not supplied); bharatverse_monuments.csv (processed enrichment, source metadata not supplied)",Not Available,2024,MEDIUM
BV-ASI-0060,"Group of four MaidansCharaideo, Sibasagar",NULL,Charaideo,Not Available,Assam,India,27.0333,94.8167,Monument/Site (unverified against supplied CPM PDF),Archaeological Site,Not Available,Not Available,Not Available,Not Available,Not Available,Not Available,Not Available,Not Available,NULL,Low,23252,23111,141,NULL,NULL,NULL,Not Available,NULL,Not Available,Not Available,Not Available,Not Available,Not Available,NULL,Not Available,Not Available,Not Available,Not Available,NULL,Not Available,Not Available,Not Available,Not Available,"CPM List 2024_(3698).pdf (ASI official list); asi_monuments_clean.csv (processed visitor data, source metadata not supplied); bharatverse_monuments.csv (processed enrichment, source metadata not supplied)",Not Available,2024,MEDIUM
BV-ASI-0061,"Group of monument, Royal Palace Mandu",NULL,Mandu,Not Available,Madhya Pradesh,India,22.3364,75.3928,Monument/Site (unverified against supplied CPM PDF),Palace,Not Available,Not Available,Not Available,Not Available,Not Available,Not Available,Not Available,Not Available,NULL,Very High,410729,408302,2427,NULL,NULL,NULL,Not Available,NULL,Not Available,Not Available,Not Available,Not Available,Not Available,NULL,Not Available,Not Available,Not Available,Not Available,NULL,Not Available,Not Available,Not Available,Not Available,"CPM List 2024_(3698).pdf (ASI official list); asi_monuments_clean.csv (processed visitor data, source metadata not supplied); bharatverse_monuments.csv (processed enrichment, source metadata not supplied)",Not Available,2024,MEDIUM
BV-ASI-0062,"Group of Monuments, Hampi",NULL,Hampi,Not Available,Karnataka,India,15.335,76.46,Monument/Site (unverified against supplied CPM PDF),UNESCO World Heritage Site,Not Available,Not Available,Not Available,Not Available,Not Available,Not Available,Not Available,Not Available,NULL,Very High,614244,587238,27006,NULL,NULL,NULL,Not Available,NULL,Not Available,Not Available,Not Available,Not Available,Not Available,NULL,Not Available,Not Available,Not Available,Not Available,NULL,Not Available,Not Available,Not Available,Not Available,"CPM List 2024_(3698).pdf (ASI official list); asi_monuments_clean.csv (processed visitor data, source metadata not supplied); bharatverse_monuments.csv (processed enrichment, source metadata not supplied)",Not Available,2024,MEDIUM
BV-ASI-0063,Group of Monuments Mamallapuram,NULL,Mahabalipuram,Not Available,Tamil Nadu,India,12.6208,80.1945,Monument/Site (unverified against supplied CPM PDF),UNESCO World Heritage Site,Not Available,Not Available,Not Available,Not Available,Not Available,Not Available,Not Available,Not Available,NULL,Iconic,1313780,1260358,53422,NULL,NULL,NULL,Not Available,NULL,Not Available,Not Available,Not Available,Not Available,Not Available,NULL,Not Available,Not Available,Not Available,Not Available,NULL,Not Available,Not Available,Not Available,Not Available,"CPM List 2024_(3698).pdf (ASI official list); asi_monuments_clean.csv (processed visitor data, source metadata not supplied); bharatverse_monuments.csv (processed enrichment, source metadata not supplied)",Not Available,2024,MEDIUM
BV-ASI-0064,Group of Monuments (WH) Pattadakal,NULL,Pattadakal,Not Available,Karnataka,India,15.9485,75.8161,Monument/Site (unverified against supplied CPM PDF),UNESCO World Heritage Site,Not Available,Not Available,Not Available,Not Available,Not Available,Not Available,Not Available,Not Available,NULL,High,266454,262144,4310,NULL,NULL,NULL,Not Available,NULL,Not Available,Not Available,Not Available,Not Available,Not Available,NULL,Not Available,Not Available,Not Available,Not Available,NULL,Not Available,Not Available,Not Available,Not Available,"CPM List 2024_(3698).pdf (ASI official list); asi_monuments_clean.csv (processed visitor data, source metadata not supplied); bharatverse_monuments.csv (processed enrichment, source metadata not supplied)",Not Available,2024,MEDIUM
BV-ASI-0065,"Group of Temple Parameshvar shiv and Karan Temple, Amarkantak",NULL,Amarkantak,Not Available,Madhya Pradesh,India,22.6742,81.755,Monument/Site (unverified against supplied CPM PDF),Temple,Not Available,Not Available,Not Available,Not Available,Not Available,Not Available,Not Available,Not Available,NULL,Medium,57450,57408,42,NULL,NULL,NULL,Not Available,NULL,Not Available,Not Available,Not Available,Not Available,Not Available,NULL,Not Available,Not Available,Not Available,Not Available,NULL,Not Available,Not Available,Not Available,Not Available,"CPM List 2024_(3698).pdf (ASI official list); asi_monuments_clean.csv (processed visitor data, source metadata not supplied); bharatverse_monuments.csv (processed enrichment, source metadata not supplied)",Not Available,2024,MEDIUM
BV-ASI-0066,"Group of Temples at kiramchi, District Udhampur",NULL,Udhampur,Not Available,Jammu and Kashmir,India,32.9,75.15,Monument/Site (unverified against supplied CPM PDF),Temple,Not Available,Not Available,Not Available,Not Available,Not Available,Not Available,Not Available,Not Available,NULL,Low,5735,5731,4,NULL,NULL,NULL,Not Available,NULL,Not Available,Not Available,Not Available,Not Available,Not Available,NULL,Not Available,Not Available,Not Available,Not Available,NULL,Not Available,Not Available,Not Available,Not Available,"CPM List 2024_(3698).pdf (ASI official list); asi_monuments_clean.csv (processed visitor data, source metadata not supplied); bharatverse_monuments.csv (processed enrichment, source metadata not supplied)",Not Available,2024,MEDIUM
BV-ASI-0067,"Gupta Temple & Varah Temple, Deogarh",NULL,Deogarh,Not Available,Uttar Pradesh,India,24.5265,78.2382,Monument/Site (unverified against supplied CPM PDF),Temple,Not Available,Not Available,Not Available,Not Available,Not Available,Not Available,Not Available,Not Available,NULL,Low,1380,1348,32,NULL,NULL,NULL,Not Available,NULL,Not Available,Not Available,Not Available,Not Available,Not Available,NULL,Not Available,Not Available,Not Available,Not Available,NULL,Not Available,Not Available,Not Available,Not Available,"CPM List 2024_(3698).pdf (ASI official list); asi_monuments_clean.csv (processed visitor data, source metadata not supplied); bharatverse_monuments.csv (processed enrichment, source metadata not supplied)",Not Available,2024,MEDIUM
BV-ASI-0068,Gwalior Fort,NULL,Gwalior,Not Available,Madhya Pradesh,India,26.2295,78.1694,Centrally Protected Monument/Site,Fort,Not Available,Not Available,Not Available,Not Available,Not Available,Not Available,Not Available,Not Available,NULL,High,263478,255734,7744,NULL,NULL,NULL,Not Available,NULL,Not Available,Not Available,Not Available,Not Available,Not Available,NULL,Not Available,Not Available,Not Available,Not Available,NULL,Not Available,Not Available,Not Available,Not Available,"CPM List 2024_(3698).pdf (ASI official list); asi_monuments_clean.csv (processed visitor data, source metadata not supplied); bharatverse_monuments.csv (processed enrichment, source metadata not supplied)",Not Available,2024,MEDIUM
BV-ASI-0069,Hauzkhas,NULL,Delhi,Not Available,Delhi,India,28.5535,77.1892,Centrally Protected Monument/Site,Archaeological Site,Not Available,Not Available,Not Available,Not Available,Not Available,Not Available,Not Available,Not Available,NULL,High,148169,145544,2625,NULL,NULL,NULL,Not Available,NULL,Not Available,Not Available,Not Available,Not Available,Not Available,NULL,Not Available,Not Available,Not Available,Not Available,NULL,Not Available,Not Available,Not Available,Not Available,"CPM List 2024_(3698).pdf (ASI official list); asi_monuments_clean.csv (processed visitor data, source metadata not supplied); bharatverse_monuments.csv (processed enrichment, source metadata not supplied)",Not Available,2024,MEDIUM
BV-ASI-0070,Hazarduari Palace,NULL,Murshidabad,Not Available,West Bengal,India,24.1833,88.2667,Centrally Protected Monument/Site,Palace,Not Available,Not Available,Not Available,Not Available,Not Available,Not Available,Not Available,Not Available,NULL,Very High,675836,674113,1723,NULL,NULL,NULL,Not Available,NULL,Not Available,Not Available,Not Available,Not Available,Not Available,NULL,Not Available,Not Available,Not Available,Not Available,NULL,Not Available,Not Available,Not Available,Not Available,"CPM List 2024_(3698).pdf (ASI official list); asi_monuments_clean.csv (processed visitor data, source metadata not supplied); bharatverse_monuments.csv (processed enrichment, source metadata not supplied)",Not Available,2024,MEDIUM
BV-ASI-0071,Hoshang Shah's Tomb,NULL,Mandu,Not Available,Madhya Pradesh,India,22.3364,75.3928,Monument/Site (unverified against supplied CPM PDF),Tomb,Not Available,Not Available,Not Available,Not Available,Not Available,Not Available,Not Available,Not Available,NULL,High,132111,130094,2017,NULL,NULL,NULL,Not Available,NULL,Not Available,Not Available,Not Available,Not Available,Not Available,NULL,Not Available,Not Available,Not Available,Not Available,NULL,Not Available,Not Available,Not Available,Not Available,"CPM List 2024_(3698).pdf (ASI official list); asi_monuments_clean.csv (processed visitor data, source metadata not supplied); bharatverse_monuments.csv (processed enrichment, source metadata not supplied)",Not Available,2024,MEDIUM
BV-ASI-0072,Humayun Tomb,NULL,Delhi,Not Available,Delhi,India,28.5933,77.2507,Monument/Site (unverified against supplied CPM PDF),UNESCO World Heritage Site,Not Available,Not Available,Not Available,Not Available,Not Available,Not Available,Not Available,Not Available,NULL,Iconic,860606,658318,202288,NULL,NULL,NULL,Not Available,NULL,Not Available,Not Available,Not Available,Not Available,Not Available,NULL,Not Available,Not Available,Not Available,Not Available,NULL,Not Available,Not Available,Not Available,Not Available,"CPM List 2024_(3698).pdf (ASI official list); asi_monuments_clean.csv (processed visitor data, source metadata not supplied); bharatverse_monuments.csv (processed enrichment, source metadata not supplied)",Not Available,2024,MEDIUM
BV-ASI-0073,"Ibrahim Rauza, Bijapur",NULL,Vijayapura (Bijapur),Not Available,Karnataka,India,16.828,75.6975,Monument/Site (unverified against supplied CPM PDF),Tomb,Not Available,Not Available,Not Available,Not Available,Not Available,Not Available,Not Available,Not Available,NULL,High,156855,155565,1290,NULL,NULL,NULL,Not Available,NULL,Not Available,Not Available,Not Available,Not Available,Not Available,NULL,Not Available,Not Available,Not Available,Not Available,NULL,Not Available,Not Available,Not Available,Not Available,"CPM List 2024_(3698).pdf (ASI official list); asi_monuments_clean.csv (processed visitor data, source metadata not supplied); bharatverse_monuments.csv (processed enrichment, source metadata not supplied)",Not Available,2024,MEDIUM
BV-ASI-0074,Itimad-ud-Daulah-Tomb,NULL,Agra,Not Available,Uttar Pradesh,India,27.1994,78.0294,Monument/Site (unverified against supplied CPM PDF),Tomb,Not Available,Not Available,Not Available,Not Available,Not Available,Not Available,Not Available,Not Available,NULL,High,215492,132800,82692,NULL,NULL,NULL,Not Available,NULL,Not Available,Not Available,Not Available,Not Available,Not Available,NULL,Not Available,Not Available,Not Available,Not Available,NULL,Not Available,Not Available,Not Available,Not Available,"CPM List 2024_(3698).pdf (ASI official list); asi_monuments_clean.csv (processed visitor data, source metadata not supplied); bharatverse_monuments.csv (processed enrichment, source metadata not supplied)",Not Available,2024,MEDIUM
BV-ASI-0075,"Jaina & Vaishnava Cave, Badami",NULL,Badami,Not Available,Karnataka,India,15.9149,75.6767,Monument/Site (unverified against supplied CPM PDF),Cave Monument,Not Available,Not Available,Not Available,Not Available,Not Available,Not Available,Not Available,Not Available,NULL,Very High,378809,372051,6758,NULL,NULL,NULL,Not Available,NULL,Not Available,Not Available,Not Available,Not Available,Not Available,NULL,Not Available,Not Available,Not Available,Not Available,NULL,Not Available,Not Available,Not Available,Not Available,"CPM List 2024_(3698).pdf (ASI official list); asi_monuments_clean.csv (processed visitor data, source metadata not supplied); bharatverse_monuments.csv (processed enrichment, source metadata not supplied)",Not Available,2024,MEDIUM
BV-ASI-0076,"Janjira Fort, Murd",NULL,Murud,Not Available,Maharashtra,India,18.009,72.949,Monument/Site (unverified against supplied CPM PDF),Fort,Not Available,Not Available,Not Available,Not Available,Not Available,Not Available,Not Available,Not Available,NULL,High,253466,253315,151,NULL,NULL,NULL,Not Available,NULL,Not Available,Not Available,Not Available,Not Available,Not Available,NULL,Not Available,Not Available,Not Available,Not Available,NULL,Not Available,Not Available,Not Available,Not Available,"CPM List 2024_(3698).pdf (ASI official list); asi_monuments_clean.csv (processed visitor data, source metadata not supplied); bharatverse_monuments.csv (processed enrichment, source metadata not supplied)",Not Available,2024,MEDIUM
BV-ASI-0077,Jantar Mantar,NULL,Delhi,Not Available,Delhi,India,28.627,77.2166,Centrally Protected Monument/Site,Observatory,Not Available,Not Available,Not Available,Not Available,Not Available,Not Available,Not Available,Not Available,NULL,High,209713,203197,6516,NULL,NULL,NULL,Not Available,NULL,Not Available,Not Available,Not Available,Not Available,Not Available,NULL,Not Available,Not Available,Not Available,Not Available,NULL,Not Available,Not Available,Not Available,Not Available,"CPM List 2024_(3698).pdf (ASI official list); asi_monuments_clean.csv (processed visitor data, source metadata not supplied); bharatverse_monuments.csv (processed enrichment, source metadata not supplied)",Not Available,2024,MEDIUM
BV-ASI-0078,Kalinjar Fort,NULL,Kalinjar,Not Available,Uttar Pradesh,India,24.9575,80.488,Centrally Protected Monument/Site,Fort,Not Available,Not Available,Not Available,Not Available,Not Available,Not Available,Not Available,Not Available,NULL,Medium,81644,81507,137,NULL,NULL,NULL,Not Available,NULL,Not Available,Not Available,Not Available,Not Available,Not Available,NULL,Not Available,Not Available,Not Available,Not Available,NULL,Not Available,Not Available,Not Available,Not Available,"CPM List 2024_(3698).pdf (ASI official list); asi_monuments_clean.csv (processed visitor data, source metadata not supplied); bharatverse_monuments.csv (processed enrichment, source metadata not supplied)",Not Available,2024,MEDIUM
BV-ASI-0079,"Kareghar of Ahom Kings, Sibasagar",NULL,Sivasagar,Not Available,Assam,India,26.9989,94.6425,Monument/Site (unverified against supplied CPM PDF),Palace,Not Available,Not Available,Not Available,Not Available,Not Available,Not Available,Not Available,Not Available,NULL,High,120489,119912,577,NULL,NULL,NULL,Not Available,NULL,Not Available,Not Available,Not Available,Not Available,Not Available,NULL,Not Available,Not Available,Not Available,Not Available,NULL,Not Available,Not Available,Not Available,Not Available,"CPM List 2024_(3698).pdf (ASI official list); asi_monuments_clean.csv (processed visitor data, source metadata not supplied); bharatverse_monuments.csv (processed enrichment, source metadata not supplied)",Not Available,2024,MEDIUM
BV-ASI-0080,Keshava Temple,NULL,Somanathapura,Not Available,Karnataka,India,12.2751,76.8763,Monument/Site (unverified against supplied CPM PDF),Temple,Not Available,Not Available,Not Available,Not Available,Not Available,Not Available,Not Available,Not Available,NULL,High,187078,178425,8653,NULL,NULL,NULL,Not Available,NULL,Not Available,Not Available,Not Available,Not Available,Not Available,NULL,Not Available,Not Available,Not Available,Not Available,NULL,Not Available,Not Available,Not Available,Not Available,"CPM List 2024_(3698).pdf (ASI official list); asi_monuments_clean.csv (processed visitor data, source metadata not supplied); bharatverse_monuments.csv (processed enrichment, source metadata not supplied)",Not Available,2024,MEDIUM
BV-ASI-0081,Khan-I-Khana,NULL,Delhi,Not Available,Delhi,India,28.5895,77.2453,Centrally Protected Monument/Site,Tomb,Not Available,Not Available,Not Available,Not Available,Not Available,Not Available,Not Available,Not Available,NULL,Low,1827,1782,45,NULL,NULL,NULL,Not Available,NULL,Not Available,Not Available,Not Available,Not Available,Not Available,NULL,Not Available,Not Available,Not Available,Not Available,NULL,Not Available,Not Available,Not Available,Not Available,"CPM List 2024_(3698).pdf (ASI official list); asi_monuments_clean.csv (processed visitor data, source metadata not supplied); bharatverse_monuments.csv (processed enrichment, source metadata not supplied)",Not Available,2024,MEDIUM
BV-ASI-0082,"Kolaba Fort, Alibag",NULL,Alibag,Not Available,Maharashtra,India,18.6414,72.8258,Monument/Site (unverified against supplied CPM PDF),Fort,Not Available,Not Available,Not Available,Not Available,Not Available,Not Available,Not Available,Not Available,NULL,High,112517,112405,112,NULL,NULL,NULL,Not Available,NULL,Not Available,Not Available,Not Available,Not Available,Not Available,NULL,Not Available,Not Available,Not Available,Not Available,NULL,Not Available,Not Available,Not Available,Not Available,"CPM List 2024_(3698).pdf (ASI official list); asi_monuments_clean.csv (processed visitor data, source metadata not supplied); bharatverse_monuments.csv (processed enrichment, source metadata not supplied)",Not Available,2024,MEDIUM
BV-ASI-0083,Kondiote Caves,NULL,Karjat,Not Available,Maharashtra,India,18.7942,73.4419,Monument/Site (unverified against supplied CPM PDF),Cave Monument,Not Available,Not Available,Not Available,Not Available,Not Available,Not Available,Not Available,Not Available,NULL,Medium,42081,41490,591,NULL,NULL,NULL,Not Available,NULL,Not Available,Not Available,Not Available,Not Available,Not Available,NULL,Not Available,Not Available,Not Available,Not Available,NULL,Not Available,Not Available,Not Available,Not Available,"CPM List 2024_(3698).pdf (ASI official list); asi_monuments_clean.csv (processed visitor data, source metadata not supplied); bharatverse_monuments.csv (processed enrichment, source metadata not supplied)",Not Available,2024,MEDIUM
BV-ASI-0084,Kotla Feroz Shah,NULL,Delhi,Not Available,Delhi,India,28.6383,77.2419,Monument/Site (unverified against supplied CPM PDF),Fort,Not Available,Not Available,Not Available,Not Available,Not Available,Not Available,Not Available,Not Available,NULL,Medium,90207,89397,810,NULL,NULL,NULL,Not Available,NULL,Not Available,Not Available,Not Available,Not Available,Not Available,NULL,Not Available,Not Available,Not Available,Not Available,NULL,Not Available,Not Available,Not Available,Not Available,"CPM List 2024_(3698).pdf (ASI official list); asi_monuments_clean.csv (processed visitor data, source metadata not supplied); bharatverse_monuments.csv (processed enrichment, source metadata not supplied)",Not Available,2024,MEDIUM
BV-ASI-0085,Kumbhalgarh Fort,NULL,Kumbhalgarh,Not Available,Rajasthan,India,25.1487,73.5847,Monument/Site (unverified against supplied CPM PDF),UNESCO World Heritage Site,Not Available,Not Available,Not Available,Not Available,Not Available,Not Available,Not Available,Not Available,NULL,Very High,506484,495276,11208,NULL,NULL,NULL,Not Available,NULL,Not Available,Not Available,Not Available,Not Available,Not Available,NULL,Not Available,Not Available,Not Available,Not Available,NULL,Not Available,Not Available,Not Available,Not Available,"CPM List 2024_(3698).pdf (ASI official list); asi_monuments_clean.csv (processed visitor data, source metadata not supplied); bharatverse_monuments.csv (processed enrichment, source metadata not supplied)",Not Available,2024,MEDIUM
BV-ASI-0086,Lohgad Fort,NULL,Lonavala,Not Available,Maharashtra,India,18.7108,73.4797,Monument/Site (unverified against supplied CPM PDF),Fort,Not Available,Not Available,Not Available,Not Available,Not Available,Not Available,Not Available,Not Available,NULL,High,162230,161651,579,NULL,NULL,NULL,Not Available,NULL,Not Available,Not Available,Not Available,Not Available,Not Available,NULL,Not Available,Not Available,Not Available,Not Available,NULL,Not Available,Not Available,Not Available,Not Available,"CPM List 2024_(3698).pdf (ASI official list); asi_monuments_clean.csv (processed visitor data, source metadata not supplied); bharatverse_monuments.csv (processed enrichment, source metadata not supplied)",Not Available,2024,MEDIUM
BV-ASI-0087,Lord Cornwallis Tomb,NULL,Ghazipur,Not Available,Uttar Pradesh,India,25.5941,83.5772,Centrally Protected Monument/Site,Tomb,Not Available,Not Available,Not Available,Not Available,Not Available,Not Available,Not Available,Not Available,NULL,Low,18403,18318,85,NULL,NULL,NULL,Not Available,NULL,Not Available,Not Available,Not Available,Not Available,Not Available,NULL,Not Available,Not Available,Not Available,Not Available,NULL,Not Available,Not Available,Not Available,Not Available,"CPM List 2024_(3698).pdf (ASI official list); asi_monuments_clean.csv (processed visitor data, source metadata not supplied); bharatverse_monuments.csv (processed enrichment, source metadata not supplied)",Not Available,2024,MEDIUM
BV-ASI-0088,Marble Pavillion and balustrade on the Ana Sagar bund and ruins of the marble Hammam Behind the Ana sagar Bund,NULL,Ajmer,Not Available,Rajasthan,India,26.4692,74.6544,Monument/Site (unverified against supplied CPM PDF),Pavilion,Not Available,Not Available,Not Available,Not Available,Not Available,Not Available,Not Available,Not Available,NULL,High,241397,241299,98,NULL,NULL,NULL,Not Available,NULL,Not Available,Not Available,Not Available,Not Available,Not Available,NULL,Not Available,Not Available,Not Available,Not Available,NULL,Not Available,Not Available,Not Available,Not Available,"CPM List 2024_(3698).pdf (ASI official list); asi_monuments_clean.csv (processed visitor data, source metadata not supplied); bharatverse_monuments.csv (processed enrichment, source metadata not supplied)",Not Available,2024,MEDIUM
BV-ASI-0089,Mariam tomb Sikandra,NULL,Agra,Not Available,Uttar Pradesh,India,27.2117,77.9511,Monument/Site (unverified against supplied CPM PDF),Tomb,Not Available,Not Available,Not Available,Not Available,Not Available,Not Available,Not Available,Not Available,NULL,Low,22931,22517,414,NULL,NULL,NULL,Not Available,NULL,Not Available,Not Available,Not Available,Not Available,Not Available,NULL,Not Available,Not Available,Not Available,Not Available,NULL,Not Available,Not Available,Not Available,Not Available,"CPM List 2024_(3698).pdf (ASI official list); asi_monuments_clean.csv (processed visitor data, source metadata not supplied); bharatverse_monuments.csv (processed enrichment, source metadata not supplied)",Not Available,2024,MEDIUM
BV-ASI-0090,mattancherry Palace Museum Kochi,NULL,Kochi,Not Available,Kerala,India,9.9585,76.2593,Monument/Site (unverified against supplied CPM PDF),Palace,Not Available,Not Available,Not Available,Not Available,Not Available,Not Available,Not Available,Not Available,NULL,Very High,379820,300465,79355,NULL,NULL,NULL,Not Available,NULL,Not Available,Not Available,Not Available,Not Available,Not Available,NULL,Not Available,Not Available,Not Available,Not Available,NULL,Not Available,Not Available,Not Available,Not Available,"CPM List 2024_(3698).pdf (ASI official list); asi_monuments_clean.csv (processed visitor data, source metadata not supplied); bharatverse_monuments.csv (processed enrichment, source metadata not supplied)",Not Available,2024,MEDIUM
BV-ASI-0091,Mausoleum,NULL,Agra,Not Available,Uttar Pradesh,India,27.1995,78.0293,Centrally Protected Monument/Site,Tomb,Not Available,Not Available,Not Available,Not Available,Not Available,Not Available,Not Available,Not Available,NULL,Very High,486998,474462,12536,NULL,NULL,NULL,Not Available,NULL,Not Available,Not Available,Not Available,Not Available,Not Available,NULL,Not Available,Not Available,Not Available,Not Available,NULL,Not Available,Not Available,Not Available,Not Available,"CPM List 2024_(3698).pdf (ASI official list); asi_monuments_clean.csv (processed visitor data, source metadata not supplied); bharatverse_monuments.csv (processed enrichment, source metadata not supplied)",Not Available,2024,MEDIUM
BV-ASI-0092,Mehtab Bagh,NULL,Agra,Not Available,Uttar Pradesh,India,27.1836,78.0339,Centrally Protected Monument/Site,Garden,Not Available,Not Available,Not Available,Not Available,Not Available,Not Available,Not Available,Not Available,NULL,High,240899,178574,62325,NULL,NULL,NULL,Not Available,NULL,Not Available,Not Available,Not Available,Not Available,Not Available,NULL,Not Available,Not Available,Not Available,Not Available,NULL,Not Available,Not Available,Not Available,Not Available,"CPM List 2024_(3698).pdf (ASI official list); asi_monuments_clean.csv (processed visitor data, source metadata not supplied); bharatverse_monuments.csv (processed enrichment, source metadata not supplied)",Not Available,2024,MEDIUM
BV-ASI-0093,Metcelf-Hall,NULL,Kolkata,Not Available,West Bengal,India,22.5697,88.3453,Monument/Site (unverified against supplied CPM PDF),Colonial Monument,Not Available,Not Available,Not Available,Not Available,Not Available,Not Available,Not Available,Not Available,NULL,Low,632,605,27,NULL,NULL,NULL,Not Available,NULL,Not Available,Not Available,Not Available,Not Available,Not Available,NULL,Not Available,Not Available,Not Available,Not Available,NULL,Not Available,Not Available,Not Available,Not Available,"CPM List 2024_(3698).pdf (ASI official list); asi_monuments_clean.csv (processed visitor data, source metadata not supplied); bharatverse_monuments.csv (processed enrichment, source metadata not supplied)",Not Available,2024,MEDIUM
BV-ASI-0094,"Moovarkoil, Kodumbalur",NULL,Kodumbalur,Not Available,Tamil Nadu,India,10.4667,78.6167,Monument/Site (unverified against supplied CPM PDF),Temple,Not Available,Not Available,Not Available,Not Available,Not Available,Not Available,Not Available,Not Available,NULL,Low,19160,19114,46,NULL,NULL,NULL,Not Available,NULL,Not Available,Not Available,Not Available,Not Available,Not Available,NULL,Not Available,Not Available,Not Available,Not Available,NULL,Not Available,Not Available,Not Available,Not Available,"CPM List 2024_(3698).pdf (ASI official list); asi_monuments_clean.csv (processed visitor data, source metadata not supplied); bharatverse_monuments.csv (processed enrichment, source metadata not supplied)",Not Available,2024,MEDIUM
BV-ASI-0095,Nagarjuna Kunda,NULL,Nagarjunakonda,Not Available,Andhra Pradesh,India,16.5333,79.2333,Monument/Site (unverified against supplied CPM PDF),Archaeological Site,Not Available,Not Available,Not Available,Not Available,Not Available,Not Available,Not Available,Not Available,NULL,Low,19797,19762,35,NULL,NULL,NULL,Not Available,NULL,Not Available,Not Available,Not Available,Not Available,Not Available,NULL,Not Available,Not Available,Not Available,Not Available,NULL,Not Available,Not Available,Not Available,Not Available,"CPM List 2024_(3698).pdf (ASI official list); asi_monuments_clean.csv (processed visitor data, source metadata not supplied); bharatverse_monuments.csv (processed enrichment, source metadata not supplied)",Not Available,2024,MEDIUM
BV-ASI-0096,"Natural Caven with inscription eladipattam, Sittannavasal",NULL,Sittanavasal,Not Available,Tamil Nadu,India,10.4747,78.7343,Monument/Site (unverified against supplied CPM PDF),Archaeological Site,Not Available,Not Available,Not Available,Not Available,Not Available,Not Available,Not Available,Not Available,NULL,Low,24573,23928,645,NULL,NULL,NULL,Not Available,NULL,Not Available,Not Available,Not Available,Not Available,Not Available,NULL,Not Available,Not Available,Not Available,Not Available,NULL,Not Available,Not Available,Not Available,Not Available,"CPM List 2024_(3698).pdf (ASI official list); asi_monuments_clean.csv (processed visitor data, source metadata not supplied); bharatverse_monuments.csv (processed enrichment, source metadata not supplied)",Not Available,2024,MEDIUM
BV-ASI-0097,Observatory of Man Singh,NULL,Varanasi,Not Available,Uttar Pradesh,India,25.3109,83.0107,Centrally Protected Monument/Site,Observatory,Not Available,Not Available,Not Available,Not Available,Not Available,Not Available,Not Available,Not Available,NULL,Medium,84013,83059,954,NULL,NULL,NULL,Not Available,NULL,Not Available,Not Available,Not Available,Not Available,Not Available,NULL,Not Available,Not Available,Not Available,Not Available,NULL,Not Available,Not Available,Not Available,Not Available,"CPM List 2024_(3698).pdf (ASI official list); asi_monuments_clean.csv (processed visitor data, source metadata not supplied); bharatverse_monuments.csv (processed enrichment, source metadata not supplied)",Not Available,2024,MEDIUM
BV-ASI-0098,"Old Fort (Shahi Fort), Jaunpur",NULL,Jaunpur,Not Available,Uttar Pradesh,India,25.7479,82.6837,Monument/Site (unverified against supplied CPM PDF),Fort,Not Available,Not Available,Not Available,Not Available,Not Available,Not Available,Not Available,Not Available,NULL,High,199036,198922,114,NULL,NULL,NULL,Not Available,NULL,Not Available,Not Available,Not Available,Not Available,Not Available,NULL,Not Available,Not Available,Not Available,Not Available,NULL,Not Available,Not Available,Not Available,Not Available,"CPM List 2024_(3698).pdf (ASI official list); asi_monuments_clean.csv (processed visitor data, source metadata not supplied); bharatverse_monuments.csv (processed enrichment, source metadata not supplied)",Not Available,2024,MEDIUM
BV-ASI-0099,"Old Fort, Sholapur",NULL,Solapur,Not Available,Maharashtra,India,17.6805,75.9335,Centrally Protected Monument/Site,Fort,Not Available,Not Available,Not Available,Not Available,Not Available,Not Available,Not Available,Not Available,NULL,Medium,62283,62238,45,NULL,NULL,NULL,Not Available,NULL,Not Available,Not Available,Not Available,Not Available,Not Available,NULL,Not Available,Not Available,Not Available,Not Available,NULL,Not Available,Not Available,Not Available,Not Available,"CPM List 2024_(3698).pdf (ASI official list); asi_monuments_clean.csv (processed visitor data, source metadata not supplied); bharatverse_monuments.csv (processed enrichment, source metadata not supplied)",Not Available,2024,MEDIUM
BV-ASI-0100,"Palace Complex at Ramnagar, Distt. Udhampur",NULL,Udhampur,Not Available,Jammu and Kashmir,India,32.9167,75.15,Monument/Site (unverified against supplied CPM PDF),Palace,Not Available,Not Available,Not Available,Not Available,Not Available,Not Available,Not Available,Not Available,NULL,Low,6610,6610,0,NULL,NULL,NULL,Not Available,NULL,Not Available,Not Available,Not Available,Not Available,Not Available,NULL,Not Available,Not Available,Not Available,Not Available,NULL,Not Available,Not Available,Not Available,Not Available,"CPM List 2024_(3698).pdf (ASI official list); asi_monuments_clean.csv (processed visitor data, source metadata not supplied); bharatverse_monuments.csv (processed enrichment, source metadata not supplied)",Not Available,2024,MEDIUM
BV-ASI-0101,Palace of Tipu Sultan,NULL,Bengaluru,Not Available,Karnataka,India,12.9591,77.5746,Monument/Site (unverified against supplied CPM PDF),Palace,Not Available,Not Available,Not Available,Not Available,Not Available,Not Available,Not Available,Not Available,NULL,Very High,267683,256964,10719,NULL,NULL,NULL,Not Available,NULL,Not Available,Not Available,Not Available,Not Available,Not Available,NULL,Not Available,Not Available,Not Available,Not Available,NULL,Not Available,Not Available,Not Available,Not Available,"CPM List 2024_(3698).pdf (ASI official list); asi_monuments_clean.csv (processed visitor data, source metadata not supplied); bharatverse_monuments.csv (processed enrichment, source metadata not supplied)",Not Available,2024,MEDIUM
BV-ASI-0102,Pandulena Caves,NULL,Nashik,Not Available,Maharashtra,India,19.9615,73.7503,Monument/Site (unverified against supplied CPM PDF),Cave Monument,Not Available,Not Available,Not Available,Not Available,Not Available,Not Available,Not Available,Not Available,NULL,High,203999,202871,1128,NULL,NULL,NULL,Not Available,NULL,Not Available,Not Available,Not Available,Not Available,Not Available,NULL,Not Available,Not Available,Not Available,Not Available,NULL,Not Available,Not Available,Not Available,Not Available,"CPM List 2024_(3698).pdf (ASI official list); asi_monuments_clean.csv (processed visitor data, source metadata not supplied); bharatverse_monuments.csv (processed enrichment, source metadata not supplied)",Not Available,2024,MEDIUM
BV-ASI-0103,Piprahwa & Ganwaria,NULL,Siddharthnagar,Not Available,Uttar Pradesh,India,27.4886,83.1499,Monument/Site (unverified against supplied CPM PDF),Archaeological Site,Not Available,Not Available,Not Available,Not Available,Not Available,Not Available,Not Available,Not Available,NULL,Medium,41440,38342,3098,NULL,NULL,NULL,Not Available,NULL,Not Available,Not Available,Not Available,Not Available,Not Available,NULL,Not Available,Not Available,Not Available,Not Available,NULL,Not Available,Not Available,Not Available,Not Available,"CPM List 2024_(3698).pdf (ASI official list); asi_monuments_clean.csv (processed visitor data, source metadata not supplied); bharatverse_monuments.csv (processed enrichment, source metadata not supplied)",Not Available,2024,MEDIUM
BV-ASI-0104,Purana Qila,NULL,Delhi,Not Available,Delhi,India,28.6091,77.2432,Centrally Protected Monument/Site,Fort,Not Available,Not Available,Not Available,Not Available,Not Available,Not Available,Not Available,Not Available,NULL,Very High,667793,662300,5493,NULL,NULL,NULL,Not Available,NULL,Not Available,Not Available,Not Available,Not Available,Not Available,NULL,Not Available,Not Available,Not Available,Not Available,NULL,Not Available,Not Available,Not Available,Not Available,"CPM List 2024_(3698).pdf (ASI official list); asi_monuments_clean.csv (processed visitor data, source metadata not supplied); bharatverse_monuments.csv (processed enrichment, source metadata not supplied)",Not Available,2024,MEDIUM
BV-ASI-0105,Qutub Minar,NULL,Delhi,Not Available,Delhi,India,28.5245,77.1855,Monument/Site (unverified against supplied CPM PDF),UNESCO World Heritage Site,Not Available,Not Available,Not Available,Not Available,Not Available,Not Available,Not Available,Not Available,NULL,Iconic,2303464,2048146,255318,NULL,NULL,NULL,Not Available,NULL,Not Available,Not Available,Not Available,Not Available,Not Available,NULL,Not Available,Not Available,Not Available,Not Available,NULL,Not Available,Not Available,Not Available,Not Available,"CPM List 2024_(3698).pdf (ASI official list); asi_monuments_clean.csv (processed visitor data, source metadata not supplied); bharatverse_monuments.csv (processed enrichment, source metadata not supplied)",Not Available,2024,MEDIUM
BV-ASI-0106,Raigad Fort,NULL,Raigad,Not Available,Maharashtra,India,18.236,73.4406,Centrally Protected Monument/Site,Fort,Not Available,Not Available,Not Available,Not Available,Not Available,Not Available,Not Available,Not Available,NULL,High,218420,218338,82,NULL,NULL,NULL,Not Available,NULL,Not Available,Not Available,Not Available,Not Available,Not Available,NULL,Not Available,Not Available,Not Available,Not Available,NULL,Not Available,Not Available,Not Available,Not Available,"CPM List 2024_(3698).pdf (ASI official list); asi_monuments_clean.csv (processed visitor data, source metadata not supplied); bharatverse_monuments.csv (processed enrichment, source metadata not supplied)",Not Available,2024,MEDIUM
BV-ASI-0107,Rajarani Temple,NULL,Bhubaneswar,Not Available,Odisha,India,20.2663,85.8383,Centrally Protected Monument/Site,Temple,Not Available,Not Available,Not Available,Not Available,Not Available,Not Available,Not Available,Not Available,NULL,Low,17422,16916,506,NULL,NULL,NULL,Not Available,NULL,Not Available,Not Available,Not Available,Not Available,Not Available,NULL,Not Available,Not Available,Not Available,Not Available,NULL,Not Available,Not Available,Not Available,Not Available,"CPM List 2024_(3698).pdf (ASI official list); asi_monuments_clean.csv (processed visitor data, source metadata not supplied); bharatverse_monuments.csv (processed enrichment, source metadata not supplied)",Not Available,2024,MEDIUM
BV-ASI-0108,Ram Bagh,NULL,Agra,Not Available,Uttar Pradesh,India,27.2075,78.0206,Centrally Protected Monument/Site,Garden,Not Available,Not Available,Not Available,Not Available,Not Available,Not Available,Not Available,Not Available,NULL,Medium,84406,84051,355,NULL,NULL,NULL,Not Available,NULL,Not Available,Not Available,Not Available,Not Available,Not Available,NULL,Not Available,Not Available,Not Available,Not Available,NULL,Not Available,Not Available,Not Available,Not Available,"CPM List 2024_(3698).pdf (ASI official list); asi_monuments_clean.csv (processed visitor data, source metadata not supplied); bharatverse_monuments.csv (processed enrichment, source metadata not supplied)",Not Available,2024,MEDIUM
BV-ASI-0109,"Ranghar Pavillion, Jaisagar",NULL,Sivasagar,Not Available,Assam,India,26.9814,94.6389,Monument/Site (unverified against supplied CPM PDF),Palace,Not Available,Not Available,Not Available,Not Available,Not Available,Not Available,Not Available,Not Available,NULL,Medium,69609,69063,546,NULL,NULL,NULL,Not Available,NULL,Not Available,Not Available,Not Available,Not Available,Not Available,NULL,Not Available,Not Available,Not Available,Not Available,NULL,Not Available,Not Available,Not Available,Not Available,"CPM List 2024_(3698).pdf (ASI official list); asi_monuments_clean.csv (processed visitor data, source metadata not supplied); bharatverse_monuments.csv (processed enrichment, source metadata not supplied)",Not Available,2024,MEDIUM
BV-ASI-0110,Rani Jhansi Fort,NULL,Jhansi,Not Available,Uttar Pradesh,India,25.4358,78.5649,Monument/Site (unverified against supplied CPM PDF),Fort,Not Available,Not Available,Not Available,Not Available,Not Available,Not Available,Not Available,Not Available,NULL,Very High,361999,361294,705,NULL,NULL,NULL,Not Available,NULL,Not Available,Not Available,Not Available,Not Available,Not Available,NULL,Not Available,Not Available,Not Available,Not Available,NULL,Not Available,Not Available,Not Available,Not Available,"CPM List 2024_(3698).pdf (ASI official list); asi_monuments_clean.csv (processed visitor data, source metadata not supplied); bharatverse_monuments.csv (processed enrichment, source metadata not supplied)",Not Available,2024,MEDIUM
BV-ASI-0111,"Rani Ki-Vav, Patan",NULL,Patan,Not Available,Gujarat,India,23.8595,72.1023,Monument/Site (unverified against supplied CPM PDF),UNESCO World Heritage Site,Not Available,Not Available,Not Available,Not Available,Not Available,Not Available,Not Available,Not Available,NULL,Very High,340950,337134,3816,NULL,NULL,NULL,Not Available,NULL,Not Available,Not Available,Not Available,Not Available,Not Available,NULL,Not Available,Not Available,Not Available,Not Available,NULL,Not Available,Not Available,Not Available,Not Available,"CPM List 2024_(3698).pdf (ASI official list); asi_monuments_clean.csv (processed visitor data, source metadata not supplied); bharatverse_monuments.csv (processed enrichment, source metadata not supplied)",Not Available,2024,MEDIUM
BV-ASI-0112,Rani Lakshmi Bai Mahal,NULL,Jhansi,Not Available,Uttar Pradesh,India,25.4484,78.5685,Centrally Protected Monument/Site,Palace,Not Available,Not Available,Not Available,Not Available,Not Available,Not Available,Not Available,Not Available,NULL,Low,16004,15954,50,NULL,NULL,NULL,Not Available,NULL,Not Available,Not Available,Not Available,Not Available,Not Available,NULL,Not Available,Not Available,Not Available,Not Available,NULL,Not Available,Not Available,Not Available,Not Available,"CPM List 2024_(3698).pdf (ASI official list); asi_monuments_clean.csv (processed visitor data, source metadata not supplied); bharatverse_monuments.csv (processed enrichment, source metadata not supplied)",Not Available,2024,MEDIUM
BV-ASI-0113,Red Fort,NULL,Delhi,Not Available,Delhi,India,28.6562,77.241,Centrally Protected Monument/Site,UNESCO World Heritage Site,Not Available,Not Available,Not Available,Not Available,Not Available,Not Available,Not Available,Not Available,NULL,Iconic,2291408,2200044,91364,NULL,NULL,NULL,Not Available,NULL,Not Available,Not Available,Not Available,Not Available,Not Available,NULL,Not Available,Not Available,Not Available,Not Available,NULL,Not Available,Not Available,Not Available,Not Available,"CPM List 2024_(3698).pdf (ASI official list); asi_monuments_clean.csv (processed visitor data, source metadata not supplied); bharatverse_monuments.csv (processed enrichment, source metadata not supplied)",Not Available,2024,MEDIUM
BV-ASI-0114,"Remains of Patliputra Site of Mauryan Palace, Kumrahar",NULL,Patna,Not Available,Bihar,India,25.6067,85.1547,Monument/Site (unverified against supplied CPM PDF),Archaeological Site,Not Available,Not Available,Not Available,Not Available,Not Available,Not Available,Not Available,Not Available,NULL,High,110169,109962,207,NULL,NULL,NULL,Not Available,NULL,Not Available,Not Available,Not Available,Not Available,Not Available,NULL,Not Available,Not Available,Not Available,Not Available,NULL,Not Available,Not Available,Not Available,Not Available,"CPM List 2024_(3698).pdf (ASI official list); asi_monuments_clean.csv (processed visitor data, source metadata not supplied); bharatverse_monuments.csv (processed enrichment, source metadata not supplied)",Not Available,2024,MEDIUM
BV-ASI-0115,Residency Building,NULL,Lucknow,Not Available,Uttar Pradesh,India,26.8607,80.9169,Centrally Protected Monument/Site,Colonial Monument,Not Available,Not Available,Not Available,Not Available,Not Available,Not Available,Not Available,Not Available,NULL,High,119715,116348,3367,NULL,NULL,NULL,Not Available,NULL,Not Available,Not Available,Not Available,Not Available,Not Available,NULL,Not Available,Not Available,Not Available,Not Available,NULL,Not Available,Not Available,Not Available,Not Available,"CPM List 2024_(3698).pdf (ASI official list); asi_monuments_clean.csv (processed visitor data, source metadata not supplied); bharatverse_monuments.csv (processed enrichment, source metadata not supplied)",Not Available,2024,MEDIUM
BV-ASI-0116,"Rock-cut Jain Temple, Sittannavasasl",NULL,Sittanavasal,Not Available,Tamil Nadu,India,10.4747,78.7343,Monument/Site (unverified against supplied CPM PDF),Temple,Not Available,Not Available,Not Available,Not Available,Not Available,Not Available,Not Available,Not Available,NULL,Medium,32064,31876,188,NULL,NULL,NULL,Not Available,NULL,Not Available,Not Available,Not Available,Not Available,Not Available,NULL,Not Available,Not Available,Not Available,Not Available,NULL,Not Available,Not Available,Not Available,Not Available,"CPM List 2024_(3698).pdf (ASI official list); asi_monuments_clean.csv (processed visitor data, source metadata not supplied); bharatverse_monuments.csv (processed enrichment, source metadata not supplied)",Not Available,2024,MEDIUM
BV-ASI-0117,Rock-cut Temples and Sculptures,NULL,Masrur,Not Available,Himachal Pradesh,India,32.0833,76.2833,Monument/Site (unverified against supplied CPM PDF),Temple,Not Available,Not Available,Not Available,Not Available,Not Available,Not Available,Not Available,Not Available,NULL,Medium,75148,73439,1709,NULL,NULL,NULL,Not Available,NULL,Not Available,Not Available,Not Available,Not Available,Not Available,NULL,Not Available,Not Available,Not Available,Not Available,NULL,Not Available,Not Available,Not Available,Not Available,"CPM List 2024_(3698).pdf (ASI official list); asi_monuments_clean.csv (processed visitor data, source metadata not supplied); bharatverse_monuments.csv (processed enrichment, source metadata not supplied)",Not Available,2024,MEDIUM
BV-ASI-0118,Roopmati's Pavilion,NULL,Mandu,Not Available,Madhya Pradesh,India,22.3306,75.3844,Monument/Site (unverified against supplied CPM PDF),Palace,Not Available,Not Available,Not Available,Not Available,Not Available,Not Available,Not Available,Not Available,NULL,Very High,394369,392485,1884,NULL,NULL,NULL,Not Available,NULL,Not Available,Not Available,Not Available,Not Available,Not Available,NULL,Not Available,Not Available,Not Available,Not Available,NULL,Not Available,Not Available,Not Available,Not Available,"CPM List 2024_(3698).pdf (ASI official list); asi_monuments_clean.csv (processed visitor data, source metadata not supplied); bharatverse_monuments.csv (processed enrichment, source metadata not supplied)",Not Available,2024,MEDIUM
BV-ASI-0119,"Rudabai Step Well, Adalaj",NULL,Adalaj,Not Available,Gujarat,India,23.1667,72.5833,Monument/Site (unverified against supplied CPM PDF),Stepwell,Not Available,Not Available,Not Available,Not Available,Not Available,Not Available,Not Available,Not Available,NULL,Very High,395949,388042,7907,NULL,NULL,NULL,Not Available,NULL,Not Available,Not Available,Not Available,Not Available,Not Available,NULL,Not Available,Not Available,Not Available,Not Available,NULL,Not Available,Not Available,Not Available,Not Available,"CPM List 2024_(3698).pdf (ASI official list); asi_monuments_clean.csv (processed visitor data, source metadata not supplied); bharatverse_monuments.csv (processed enrichment, source metadata not supplied)",Not Available,2024,MEDIUM
BV-ASI-0120,"Ruined Fort, kangra",NULL,Kangra,Not Available,Himachal Pradesh,India,32.1023,76.2694,Centrally Protected Monument/Site,Fort,Not Available,Not Available,Not Available,Not Available,Not Available,Not Available,Not Available,Not Available,NULL,Medium,93064,91306,1758,NULL,NULL,NULL,Not Available,NULL,Not Available,Not Available,Not Available,Not Available,Not Available,NULL,Not Available,Not Available,Not Available,Not Available,NULL,Not Available,Not Available,Not Available,Not Available,"CPM List 2024_(3698).pdf (ASI official list); asi_monuments_clean.csv (processed visitor data, source metadata not supplied); bharatverse_monuments.csv (processed enrichment, source metadata not supplied)",Not Available,2024,MEDIUM
BV-ASI-0121,Ruins of Buddhist Temples and Images lalitgiri,NULL,Lalitgiri,Not Available,Odisha,India,20.63,86.25,Monument/Site (unverified against supplied CPM PDF),Stupa/Buddhist Site,Not Available,Not Available,Not Available,Not Available,Not Available,Not Available,Not Available,Not Available,NULL,Medium,44962,44573,389,NULL,NULL,NULL,Not Available,NULL,Not Available,Not Available,Not Available,Not Available,Not Available,NULL,Not Available,Not Available,Not Available,Not Available,NULL,Not Available,Not Available,Not Available,Not Available,"CPM List 2024_(3698).pdf (ASI official list); asi_monuments_clean.csv (processed visitor data, source metadata not supplied); bharatverse_monuments.csv (processed enrichment, source metadata not supplied)",Not Available,2024,MEDIUM
BV-ASI-0122,Safdarjung Tomb,NULL,Delhi,Not Available,Delhi,India,28.5913,77.2122,Monument/Site (unverified against supplied CPM PDF),Tomb,Not Available,Not Available,Not Available,Not Available,Not Available,Not Available,Not Available,Not Available,NULL,Medium,88915,72938,15977,NULL,NULL,NULL,Not Available,NULL,Not Available,Not Available,Not Available,Not Available,Not Available,NULL,Not Available,Not Available,Not Available,Not Available,NULL,Not Available,Not Available,Not Available,Not Available,"CPM List 2024_(3698).pdf (ASI official list); asi_monuments_clean.csv (processed visitor data, source metadata not supplied); bharatverse_monuments.csv (processed enrichment, source metadata not supplied)",Not Available,2024,MEDIUM
BV-ASI-0123,Shaniwarwada,NULL,Pune,Not Available,Maharashtra,India,18.5195,73.8553,Monument/Site (unverified against supplied CPM PDF),Fort,Not Available,Not Available,Not Available,Not Available,Not Available,Not Available,Not Available,Not Available,NULL,Iconic,1136577,1128072,8505,NULL,NULL,NULL,Not Available,NULL,Not Available,Not Available,Not Available,Not Available,Not Available,NULL,Not Available,Not Available,Not Available,Not Available,NULL,Not Available,Not Available,Not Available,Not Available,"CPM List 2024_(3698).pdf (ASI official list); asi_monuments_clean.csv (processed visitor data, source metadata not supplied); bharatverse_monuments.csv (processed enrichment, source metadata not supplied)",Not Available,2024,MEDIUM
BV-ASI-0124,Sheikh Chilli's Tomb,NULL,Kurukshetra (Thanesar),Not Available,Haryana,India,29.9695,76.8783,Centrally Protected Monument/Site,Tomb,Not Available,Not Available,Not Available,Not Available,Not Available,Not Available,Not Available,Not Available,NULL,Medium,39809,39763,46,NULL,NULL,NULL,Not Available,NULL,Not Available,Not Available,Not Available,Not Available,Not Available,NULL,Not Available,Not Available,Not Available,Not Available,NULL,Not Available,Not Available,Not Available,Not Available,"CPM List 2024_(3698).pdf (ASI official list); asi_monuments_clean.csv (processed visitor data, source metadata not supplied); bharatverse_monuments.csv (processed enrichment, source metadata not supplied)",Not Available,2024,MEDIUM
BV-ASI-0125,Sher Shah's Tomb,NULL,Sasaram,Not Available,Bihar,India,24.9505,84.0201,Monument/Site (unverified against supplied CPM PDF),Tomb,Not Available,Not Available,Not Available,Not Available,Not Available,Not Available,Not Available,Not Available,NULL,High,208330,208177,153,NULL,NULL,NULL,Not Available,NULL,Not Available,Not Available,Not Available,Not Available,Not Available,NULL,Not Available,Not Available,Not Available,Not Available,NULL,Not Available,Not Available,Not Available,Not Available,"CPM List 2024_(3698).pdf (ASI official list); asi_monuments_clean.csv (processed visitor data, source metadata not supplied); bharatverse_monuments.csv (processed enrichment, source metadata not supplied)",Not Available,2024,MEDIUM
BV-ASI-0126,Site of Sahet mahet,NULL,Shravasti,Not Available,Uttar Pradesh,India,27.5079,82.0509,Centrally Protected Monument/Site,Archaeological Site,Not Available,Not Available,Not Available,Not Available,Not Available,Not Available,Not Available,Not Available,NULL,Medium,88225,74597,13628,NULL,NULL,NULL,Not Available,NULL,Not Available,Not Available,Not Available,Not Available,Not Available,NULL,Not Available,Not Available,Not Available,Not Available,NULL,Not Available,Not Available,Not Available,Not Available,"CPM List 2024_(3698).pdf (ASI official list); asi_monuments_clean.csv (processed visitor data, source metadata not supplied); bharatverse_monuments.csv (processed enrichment, source metadata not supplied)",Not Available,2024,MEDIUM
BV-ASI-0127,Sultanghari Tomb,NULL,Delhi,Not Available,Delhi,India,28.523,77.159,Monument/Site (unverified against supplied CPM PDF),Tomb,Not Available,Not Available,Not Available,Not Available,Not Available,Not Available,Not Available,Not Available,NULL,Low,536,530,6,NULL,NULL,NULL,Not Available,NULL,Not Available,Not Available,Not Available,Not Available,Not Available,NULL,Not Available,Not Available,Not Available,Not Available,NULL,Not Available,Not Available,Not Available,Not Available,"CPM List 2024_(3698).pdf (ASI official list); asi_monuments_clean.csv (processed visitor data, source metadata not supplied); bharatverse_monuments.csv (processed enrichment, source metadata not supplied)",Not Available,2024,MEDIUM
BV-ASI-0128,"Sun Temple, Konark",NULL,Konark,Not Available,Odisha,India,19.8876,86.0945,Monument/Site (unverified against supplied CPM PDF),UNESCO World Heritage Site,Not Available,Not Available,Not Available,Not Available,Not Available,Not Available,Not Available,Not Available,NULL,Iconic,2002721,1997427,5294,NULL,NULL,NULL,Not Available,NULL,Not Available,Not Available,Not Available,Not Available,Not Available,NULL,Not Available,Not Available,Not Available,Not Available,NULL,Not Available,Not Available,Not Available,Not Available,"CPM List 2024_(3698).pdf (ASI official list); asi_monuments_clean.csv (processed visitor data, source metadata not supplied); bharatverse_monuments.csv (processed enrichment, source metadata not supplied)",Not Available,2024,MEDIUM
BV-ASI-0129,"Sun temple, Modhera",NULL,Modhera,Not Available,Gujarat,India,23.5859,72.1258,Monument/Site (unverified against supplied CPM PDF),Temple,Not Available,Not Available,Not Available,Not Available,Not Available,Not Available,Not Available,Not Available,NULL,High,211760,208028,3732,NULL,NULL,NULL,Not Available,NULL,Not Available,Not Available,Not Available,Not Available,Not Available,NULL,Not Available,Not Available,Not Available,Not Available,NULL,Not Available,Not Available,Not Available,Not Available,"CPM List 2024_(3698).pdf (ASI official list); asi_monuments_clean.csv (processed visitor data, source metadata not supplied); bharatverse_monuments.csv (processed enrichment, source metadata not supplied)",Not Available,2024,MEDIUM
BV-ASI-0130,Suraj Kund,NULL,Faridabad,Not Available,Haryana,India,28.47,77.28,Centrally Protected Monument/Site,Archaeological Site,Not Available,Not Available,Not Available,Not Available,Not Available,Not Available,Not Available,Not Available,NULL,Medium,91519,91447,72,NULL,NULL,NULL,Not Available,NULL,Not Available,Not Available,Not Available,Not Available,Not Available,NULL,Not Available,Not Available,Not Available,Not Available,NULL,Not Available,Not Available,Not Available,Not Available,"CPM List 2024_(3698).pdf (ASI official list); asi_monuments_clean.csv (processed visitor data, source metadata not supplied); bharatverse_monuments.csv (processed enrichment, source metadata not supplied)",Not Available,2024,MEDIUM
BV-ASI-0131,Taj Mahal,NULL,Agra,Not Available,Uttar Pradesh,India,27.1751,78.0421,Centrally Protected Monument/Site,UNESCO World Heritage Site,Not Available,Not Available,Not Available,Not Available,Not Available,Not Available,Not Available,Not Available,NULL,Iconic,5075125,4429710,645415,NULL,NULL,NULL,Not Available,NULL,Not Available,Not Available,Not Available,Not Available,Not Available,NULL,Not Available,Not Available,Not Available,Not Available,NULL,Not Available,Not Available,Not Available,Not Available,"CPM List 2024_(3698).pdf (ASI official list); asi_monuments_clean.csv (processed visitor data, source metadata not supplied); bharatverse_monuments.csv (processed enrichment, source metadata not supplied)",Not Available,2024,MEDIUM
BV-ASI-0132,Temple of Laxman and Old sites including sculptures sirpur,NULL,Sirpur,Not Available,Chhattisgarh,India,21.3333,82.1833,Monument/Site (unverified against supplied CPM PDF),Temple,Not Available,Not Available,Not Available,Not Available,Not Available,Not Available,Not Available,Not Available,NULL,Medium,63855,63759,96,NULL,NULL,NULL,Not Available,NULL,Not Available,Not Available,Not Available,Not Available,Not Available,NULL,Not Available,Not Available,Not Available,Not Available,NULL,Not Available,Not Available,Not Available,Not Available,"CPM List 2024_(3698).pdf (ASI official list); asi_monuments_clean.csv (processed visitor data, source metadata not supplied); bharatverse_monuments.csv (processed enrichment, source metadata not supplied)",Not Available,2024,MEDIUM
BV-ASI-0133,"Temples & Sculpture Shed, lakkumdi",NULL,Lakkundi,Not Available,Karnataka,India,15.3705,75.708,Monument/Site (unverified against supplied CPM PDF),Temple,Not Available,Not Available,Not Available,Not Available,Not Available,Not Available,Not Available,Not Available,NULL,Low,13110,13019,91,NULL,NULL,NULL,Not Available,NULL,Not Available,Not Available,Not Available,Not Available,Not Available,NULL,Not Available,Not Available,Not Available,Not Available,NULL,Not Available,Not Available,Not Available,Not Available,"CPM List 2024_(3698).pdf (ASI official list); asi_monuments_clean.csv (processed visitor data, source metadata not supplied); bharatverse_monuments.csv (processed enrichment, source metadata not supplied)",Not Available,2024,MEDIUM
BV-ASI-0134,The Hill Containing Many Valuable Sculptures and Images Ratnagiri,NULL,Ratnagiri,Not Available,Odisha,India,20.6167,86.3333,Monument/Site (unverified against supplied CPM PDF),Stupa/Buddhist Site,Not Available,Not Available,Not Available,Not Available,Not Available,Not Available,Not Available,Not Available,NULL,Medium,35133,34562,571,NULL,NULL,NULL,Not Available,NULL,Not Available,Not Available,Not Available,Not Available,Not Available,NULL,Not Available,Not Available,Not Available,Not Available,NULL,Not Available,Not Available,Not Available,Not Available,"CPM List 2024_(3698).pdf (ASI official list); asi_monuments_clean.csv (processed visitor data, source metadata not supplied); bharatverse_monuments.csv (processed enrichment, source metadata not supplied)",Not Available,2024,MEDIUM
BV-ASI-0135,"The palace situated in the fort, Burhanpur",NULL,Burhanpur,Not Available,Madhya Pradesh,India,21.3009,76.2291,Centrally Protected Monument/Site,Palace,Not Available,Not Available,Not Available,Not Available,Not Available,Not Available,Not Available,Not Available,NULL,Medium,47577,47305,272,NULL,NULL,NULL,Not Available,NULL,Not Available,Not Available,Not Available,Not Available,Not Available,NULL,Not Available,Not Available,Not Available,Not Available,NULL,Not Available,Not Available,Not Available,Not Available,"CPM List 2024_(3698).pdf (ASI official list); asi_monuments_clean.csv (processed visitor data, source metadata not supplied); bharatverse_monuments.csv (processed enrichment, source metadata not supplied)",Not Available,2024,MEDIUM
BV-ASI-0136,"Tiger headed Rock cut temple & two other monuments, Saluvankuppam",NULL,Saluvankuppam,Not Available,Tamil Nadu,India,12.6423,80.1943,Monument/Site (unverified against supplied CPM PDF),Temple,Not Available,Not Available,Not Available,Not Available,Not Available,Not Available,Not Available,Not Available,NULL,Medium,44796,43733,1063,NULL,NULL,NULL,Not Available,NULL,Not Available,Not Available,Not Available,Not Available,Not Available,NULL,Not Available,Not Available,Not Available,Not Available,NULL,Not Available,Not Available,Not Available,Not Available,"CPM List 2024_(3698).pdf (ASI official list); asi_monuments_clean.csv (processed visitor data, source metadata not supplied); bharatverse_monuments.csv (processed enrichment, source metadata not supplied)",Not Available,2024,MEDIUM
BV-ASI-0137,Tirumalai Nayak's Palace Srivilliputhur,NULL,Srivilliputhur,Not Available,Tamil Nadu,India,9.5107,77.6331,Monument/Site (unverified against supplied CPM PDF),Palace,Not Available,Not Available,Not Available,Not Available,Not Available,Not Available,Not Available,Not Available,NULL,Medium,30506,30046,460,NULL,NULL,NULL,Not Available,NULL,Not Available,Not Available,Not Available,Not Available,Not Available,NULL,Not Available,Not Available,Not Available,Not Available,NULL,Not Available,Not Available,Not Available,Not Available,"CPM List 2024_(3698).pdf (ASI official list); asi_monuments_clean.csv (processed visitor data, source metadata not supplied); bharatverse_monuments.csv (processed enrichment, source metadata not supplied)",Not Available,2024,MEDIUM
BV-ASI-0138,Tomb of Lal Khan,NULL,Varanasi,Not Available,Uttar Pradesh,India,25.32,83.01,Centrally Protected Monument/Site,Tomb,Not Available,Not Available,Not Available,Not Available,Not Available,Not Available,Not Available,Not Available,NULL,Low,6828,6819,9,NULL,NULL,NULL,Not Available,NULL,Not Available,Not Available,Not Available,Not Available,Not Available,NULL,Not Available,Not Available,Not Available,Not Available,NULL,Not Available,Not Available,Not Available,Not Available,"CPM List 2024_(3698).pdf (ASI official list); asi_monuments_clean.csv (processed visitor data, source metadata not supplied); bharatverse_monuments.csv (processed enrichment, source metadata not supplied)",Not Available,2024,MEDIUM
BV-ASI-0139,Tomb of Rabia Durani (Bibi ka Maqbara),NULL,Aurangabad (Chhatrapati Sambhajinagar),Not Available,Maharashtra,India,19.9095,75.304,Monument/Site (unverified against supplied CPM PDF),Tomb,Not Available,Not Available,Not Available,Not Available,Not Available,Not Available,Not Available,Not Available,NULL,Iconic,1121308,1111778,9530,NULL,NULL,NULL,Not Available,NULL,Not Available,Not Available,Not Available,Not Available,Not Available,NULL,Not Available,Not Available,Not Available,Not Available,NULL,Not Available,Not Available,Not Available,Not Available,"CPM List 2024_(3698).pdf (ASI official list); asi_monuments_clean.csv (processed visitor data, source metadata not supplied); bharatverse_monuments.csv (processed enrichment, source metadata not supplied)",Not Available,2024,MEDIUM
BV-ASI-0140,Tughluqabad,NULL,Delhi,Not Available,Delhi,India,28.5083,77.2578,Monument/Site (unverified against supplied CPM PDF),Fort,Not Available,Not Available,Not Available,Not Available,Not Available,Not Available,Not Available,Not Available,NULL,Medium,77043,76135,908,NULL,NULL,NULL,Not Available,NULL,Not Available,Not Available,Not Available,Not Available,Not Available,NULL,Not Available,Not Available,Not Available,Not Available,NULL,Not Available,Not Available,Not Available,Not Available,"CPM List 2024_(3698).pdf (ASI official list); asi_monuments_clean.csv (processed visitor data, source metadata not supplied); bharatverse_monuments.csv (processed enrichment, source metadata not supplied)",Not Available,2024,MEDIUM
BV-ASI-0141,Undavalli caves,NULL,Undavalli,Not Available,Andhra Pradesh,India,16.509,80.598,Monument/Site (unverified against supplied CPM PDF),Cave Monument,Not Available,Not Available,Not Available,Not Available,Not Available,Not Available,Not Available,Not Available,NULL,High,109801,109307,494,NULL,NULL,NULL,Not Available,NULL,Not Available,Not Available,Not Available,Not Available,Not Available,NULL,Not Available,Not Available,Not Available,Not Available,NULL,Not Available,Not Available,Not Available,Not Available,"CPM List 2024_(3698).pdf (ASI official list); asi_monuments_clean.csv (processed visitor data, source metadata not supplied); bharatverse_monuments.csv (processed enrichment, source metadata not supplied)",Not Available,2024,MEDIUM
BV-ASI-0142,Upper Fort Aguada,NULL,Candolim,Not Available,Goa,India,15.4925,73.7738,Monument/Site (unverified against supplied CPM PDF),Fort,Not Available,Not Available,Not Available,Not Available,Not Available,Not Available,Not Available,Not Available,NULL,Iconic,846002,837898,8104,NULL,NULL,NULL,Not Available,NULL,Not Available,Not Available,Not Available,Not Available,Not Available,NULL,Not Available,Not Available,Not Available,Not Available,NULL,Not Available,Not Available,Not Available,Not Available,"CPM List 2024_(3698).pdf (ASI official list); asi_monuments_clean.csv (processed visitor data, source metadata not supplied); bharatverse_monuments.csv (processed enrichment, source metadata not supplied)",Not Available,2024,MEDIUM
BV-ASI-0143,Warangal,NULL,Warangal,Not Available,Telangana,India,17.9153,79.614,Centrally Protected Monument/Site,Fort,Not Available,Not Available,Not Available,Not Available,Not Available,Not Available,Not Available,Not Available,NULL,Medium,92967,92690,277,NULL,NULL,NULL,Not Available,NULL,Not Available,Not Available,Not Available,Not Available,Not Available,NULL,Not Available,Not Available,Not Available,Not Available,NULL,Not Available,Not Available,Not Available,Not Available,"CPM List 2024_(3698).pdf (ASI official list); asi_monuments_clean.csv (processed visitor data, source metadata not supplied); bharatverse_monuments.csv (processed enrichment, source metadata not supplied)",Not Available,2024,MEDIUM
BV-ASI-0144,"Western Group of Temples, Khajuraho",NULL,Khajuraho,Not Available,Madhya Pradesh,India,24.8318,79.9199,Monument/Site (unverified against supplied CPM PDF),UNESCO World Heritage Site,Not Available,Not Available,Not Available,Not Available,Not Available,Not Available,Not Available,Not Available,NULL,Very High,286736,244995,41741,NULL,NULL,NULL,Not Available,NULL,Not Available,Not Available,Not Available,Not Available,Not Available,NULL,Not Available,Not Available,Not Available,Not Available,NULL,Not Available,Not Available,Not Available,Not Available,"CPM List 2024_(3698).pdf (ASI official list); asi_monuments_clean.csv (processed visitor data, source metadata not supplied); bharatverse_monuments.csv (processed enrichment, source metadata not supplied)",Not Available,2024,MEDIUM
