destination_id,destination_name,source_file,source,source_url,source_year,source_type,authority_tier,official_status,fields_supported,extraction_method,provenance_notes
BV-ASI-0001,Aga  Khan Palace Building,CPM List 2024_(3698).pdf,Archaeological Survey of India - Centrally Protected Monuments/Sites list,Not Available,2024,Official government PDF,3,OFFICIAL,destination_type; official-list presence,Exact normalized name match on PDF page 61,PDF metadata creation date is 2025-04-08; source filename/title says 2024.
BV-ASI-0001,Aga  Khan Palace Building,asi_monuments_clean.csv,Processed ASI monument visitor table,Not Available,Not Available,Processed CSV,Not Available,UNVERIFIED,domestic_visitors; international_visitors; visitor_count; circle; 2019-20 and 2020-21 visitor measures,Exact normalized destination-name join,File has no source or URL field; 'ASI' in filename alone is not proof of official provenance.
BV-ASI-0001,Aga  Khan Palace Building,bharatverse_monuments.csv,BharatVerse processed monument enrichment,Not Available,Not Available,Processed CSV,Not Available,UNVERIFIED,city; state; latitude; longitude; heritage_category; tourism_popularity,Exact normalized destination-name join,Coordinates and categories are retained as supplied but need independent source verification.
BV-ASI-0002,Agra Fort,CPM List 2024_(3698).pdf,Archaeological Survey of India - Centrally Protected Monuments/Sites list,Not Available,2024,Official government PDF,3,OFFICIAL,destination_type; official-list presence,Exact normalized name match on PDF page 108,PDF metadata creation date is 2025-04-08; source filename/title says 2024.
BV-ASI-0002,Agra Fort,asi_monuments_clean.csv,Processed ASI monument visitor table,Not Available,Not Available,Processed CSV,Not Available,UNVERIFIED,domestic_visitors; international_visitors; visitor_count; circle; 2019-20 and 2020-21 visitor measures,Exact normalized destination-name join,File has no source or URL field; 'ASI' in filename alone is not proof of official provenance.
BV-ASI-0002,Agra Fort,bharatverse_monuments.csv,BharatVerse processed monument enrichment,Not Available,Not Available,Processed CSV,Not Available,UNVERIFIED,city; state; latitude; longitude; heritage_category; tourism_popularity,Exact normalized destination-name join,Coordinates and categories are retained as supplied but need independent source verification.
BV-ASI-0003,Ahom Raja's Palace,CPM List 2024_(3698).pdf,Archaeological Survey of India - Centrally Protected Monuments/Sites list,Not Available,2024,Official government PDF,3,OFFICIAL,destination_type; official-list presence,No exact normalized name match,PDF metadata creation date is 2025-04-08; source filename/title says 2024.
BV-ASI-0003,Ahom Raja's Palace,asi_monuments_clean.csv,Processed ASI monument visitor table,Not Available,Not Available,Processed CSV,Not Available,UNVERIFIED,domestic_visitors; international_visitors; visitor_count; circle; 2019-20 and 2020-21 visitor measures,Exact normalized destination-name join,File has no source or URL field; 'ASI' in filename alone is not proof of official provenance.
BV-ASI-0003,Ahom Raja's Palace,bharatverse_monuments.csv,BharatVerse processed monument enrichment,Not Available,Not Available,Processed CSV,Not Available,UNVERIFIED,city; state; latitude; longitude; heritage_category; tourism_popularity,Exact normalized destination-name join,Coordinates and categories are retained as supplied but need independent source verification.
BV-ASI-0004,Ajanta Caves,CPM List 2024_(3698).pdf,Archaeological Survey of India - Centrally Protected Monuments/Sites list,Not Available,2024,Official government PDF,3,OFFICIAL,destination_type; official-list presence,Exact normalized name match on PDF page 58,PDF metadata creation date is 2025-04-08; source filename/title says 2024.
BV-ASI-0004,Ajanta Caves,asi_monuments_clean.csv,Processed ASI monument visitor table,Not Available,Not Available,Processed CSV,Not Available,UNVERIFIED,domestic_visitors; international_visitors; visitor_count; circle; 2019-20 and 2020-21 visitor measures,Exact normalized destination-name join,File has no source or URL field; 'ASI' in filename alone is not proof of official provenance.
BV-ASI-0004,Ajanta Caves,bharatverse_monuments.csv,BharatVerse processed monument enrichment,Not Available,Not Available,Processed CSV,Not Available,UNVERIFIED,city; state; latitude; longitude; heritage_category; tourism_popularity,Exact normalized destination-name join,Coordinates and categories are retained as supplied but need independent source verification.
BV-ASI-0005,Akbar Tomb Sikandra,CPM List 2024_(3698).pdf,Archaeological Survey of India - Centrally Protected Monuments/Sites list,Not Available,2024,Official government PDF,3,OFFICIAL,destination_type; official-list presence,No exact normalized name match,PDF metadata creation date is 2025-04-08; source filename/title says 2024.
BV-ASI-0005,Akbar Tomb Sikandra,asi_monuments_clean.csv,Processed ASI monument visitor table,Not Available,Not Available,Processed CSV,Not Available,UNVERIFIED,domestic_visitors; international_visitors; visitor_count; circle; 2019-20 and 2020-21 visitor measures,Exact normalized destination-name join,File has no source or URL field; 'ASI' in filename alone is not proof of official provenance.
BV-ASI-0005,Akbar Tomb Sikandra,bharatverse_monuments.csv,BharatVerse processed monument enrichment,Not Available,Not Available,Processed CSV,Not Available,UNVERIFIED,city; state; latitude; longitude; heritage_category; tourism_popularity,Exact normalized destination-name join,Coordinates and categories are retained as supplied but need independent source verification.
BV-ASI-0006,Amaravati mahastupa,CPM List 2024_(3698).pdf,Archaeological Survey of India - Centrally Protected Monuments/Sites list,Not Available,2024,Official government PDF,3,OFFICIAL,destination_type; official-list presence,No exact normalized name match,PDF metadata creation date is 2025-04-08; source filename/title says 2024.
BV-ASI-0006,Amaravati mahastupa,asi_monuments_clean.csv,Processed ASI monument visitor table,Not Available,Not Available,Processed CSV,Not Available,UNVERIFIED,domestic_visitors; international_visitors; visitor_count; circle; 2019-20 and 2020-21 visitor measures,Exact normalized destination-name join,File has no source or URL field; 'ASI' in filename alone is not proof of official provenance.
BV-ASI-0006,Amaravati mahastupa,bharatverse_monuments.csv,BharatVerse processed monument enrichment,Not Available,Not Available,Processed CSV,Not Available,UNVERIFIED,city; state; latitude; longitude; heritage_category; tourism_popularity,Exact normalized destination-name join,Coordinates and categories are retained as supplied but need independent source verification.
BV-ASI-0007,"Ancient Buddhist Remains comprising monastery stupa, rock sculptures, inscriptions ect Mansur",CPM List 2024_(3698).pdf,Archaeological Survey of India - Centrally Protected Monuments/Sites list,Not Available,2024,Official government PDF,3,OFFICIAL,destination_type; official-list presence,No exact normalized name match,PDF metadata creation date is 2025-04-08; source filename/title says 2024.
BV-ASI-0007,"Ancient Buddhist Remains comprising monastery stupa, rock sculptures, inscriptions ect Mansur",asi_monuments_clean.csv,Processed ASI monument visitor table,Not Available,Not Available,Processed CSV,Not Available,UNVERIFIED,domestic_visitors; international_visitors; visitor_count; circle; 2019-20 and 2020-21 visitor measures,Exact normalized destination-name join,File has no source or URL field; 'ASI' in filename alone is not proof of official provenance.
BV-ASI-0007,"Ancient Buddhist Remains comprising monastery stupa, rock sculptures, inscriptions ect Mansur",bharatverse_monuments.csv,BharatVerse processed monument enrichment,Not Available,Not Available,Processed CSV,Not Available,UNVERIFIED,city; state; latitude; longitude; heritage_category; tourism_popularity,Exact normalized destination-name join,Coordinates and categories are retained as supplied but need independent source verification.
BV-ASI-0008,Ancient Buddhist Site known as Chaukhandi stupa,CPM List 2024_(3698).pdf,Archaeological Survey of India - Centrally Protected Monuments/Sites list,Not Available,2024,Official government PDF,3,OFFICIAL,destination_type; official-list presence,Exact normalized name match on PDF page 134,PDF metadata creation date is 2025-04-08; source filename/title says 2024.
BV-ASI-0008,Ancient Buddhist Site known as Chaukhandi stupa,asi_monuments_clean.csv,Processed ASI monument visitor table,Not Available,Not Available,Processed CSV,Not Available,UNVERIFIED,domestic_visitors; international_visitors; visitor_count; circle; 2019-20 and 2020-21 visitor measures,Exact normalized destination-name join,File has no source or URL field; 'ASI' in filename alone is not proof of official provenance.
BV-ASI-0008,Ancient Buddhist Site known as Chaukhandi stupa,bharatverse_monuments.csv,BharatVerse processed monument enrichment,Not Available,Not Available,Processed CSV,Not Available,UNVERIFIED,city; state; latitude; longitude; heritage_category; tourism_popularity,Exact normalized destination-name join,Coordinates and categories are retained as supplied but need independent source verification.
BV-ASI-0009,Ancient Palace Leh,CPM List 2024_(3698).pdf,Archaeological Survey of India - Centrally Protected Monuments/Sites list,Not Available,2024,Official government PDF,3,OFFICIAL,destination_type; official-list presence,No exact normalized name match,PDF metadata creation date is 2025-04-08; source filename/title says 2024.
BV-ASI-0009,Ancient Palace Leh,asi_monuments_clean.csv,Processed ASI monument visitor table,Not Available,Not Available,Processed CSV,Not Available,UNVERIFIED,domestic_visitors; international_visitors; visitor_count; circle; 2019-20 and 2020-21 visitor measures,Exact normalized destination-name join,File has no source or URL field; 'ASI' in filename alone is not proof of official provenance.
BV-ASI-0009,Ancient Palace Leh,bharatverse_monuments.csv,BharatVerse processed monument enrichment,Not Available,Not Available,Processed CSV,Not Available,UNVERIFIED,city; state; latitude; longitude; heritage_category; tourism_popularity,Exact normalized destination-name join,Coordinates and categories are retained as supplied but need independent source verification.
BV-ASI-0010,Ancient Remains on both Udaigiri & Khandagiri Hills,CPM List 2024_(3698).pdf,Archaeological Survey of India - Centrally Protected Monuments/Sites list,Not Available,2024,Official government PDF,3,OFFICIAL,destination_type; official-list presence,No exact normalized name match,PDF metadata creation date is 2025-04-08; source filename/title says 2024.
BV-ASI-0010,Ancient Remains on both Udaigiri & Khandagiri Hills,asi_monuments_clean.csv,Processed ASI monument visitor table,Not Available,Not Available,Processed CSV,Not Available,UNVERIFIED,domestic_visitors; international_visitors; visitor_count; circle; 2019-20 and 2020-21 visitor measures,Exact normalized destination-name join,File has no source or URL field; 'ASI' in filename alone is not proof of official provenance.
BV-ASI-0010,Ancient Remains on both Udaigiri & Khandagiri Hills,bharatverse_monuments.csv,BharatVerse processed monument enrichment,Not Available,Not Available,Processed CSV,Not Available,UNVERIFIED,city; state; latitude; longitude; heritage_category; tourism_popularity,Exact normalized destination-name join,Coordinates and categories are retained as supplied but need independent source verification.
BV-ASI-0011,"Ancient Site and Adamgrah rock shelter, Kalamdi Rasuliya and kishanpur",CPM List 2024_(3698).pdf,Archaeological Survey of India - Centrally Protected Monuments/Sites list,Not Available,2024,Official government PDF,3,OFFICIAL,destination_type; official-list presence,No exact normalized name match,PDF metadata creation date is 2025-04-08; source filename/title says 2024.
BV-ASI-0011,"Ancient Site and Adamgrah rock shelter, Kalamdi Rasuliya and kishanpur",asi_monuments_clean.csv,Processed ASI monument visitor table,Not Available,Not Available,Processed CSV,Not Available,UNVERIFIED,domestic_visitors; international_visitors; visitor_count; circle; 2019-20 and 2020-21 visitor measures,Exact normalized destination-name join,File has no source or URL field; 'ASI' in filename alone is not proof of official provenance.
BV-ASI-0011,"Ancient Site and Adamgrah rock shelter, Kalamdi Rasuliya and kishanpur",bharatverse_monuments.csv,BharatVerse processed monument enrichment,Not Available,Not Available,Processed CSV,Not Available,UNVERIFIED,city; state; latitude; longitude; heritage_category; tourism_popularity,Exact normalized destination-name join,Coordinates and categories are retained as supplied but need independent source verification.
BV-ASI-0012,Ancient Site Bhangarh,CPM List 2024_(3698).pdf,Archaeological Survey of India - Centrally Protected Monuments/Sites list,Not Available,2024,Official government PDF,3,OFFICIAL,destination_type; official-list presence,Exact normalized name match on PDF page 86,PDF metadata creation date is 2025-04-08; source filename/title says 2024.
BV-ASI-0012,Ancient Site Bhangarh,asi_monuments_clean.csv,Processed ASI monument visitor table,Not Available,Not Available,Processed CSV,Not Available,UNVERIFIED,domestic_visitors; international_visitors; visitor_count; circle; 2019-20 and 2020-21 visitor measures,Exact normalized destination-name join,File has no source or URL field; 'ASI' in filename alone is not proof of official provenance.
BV-ASI-0012,Ancient Site Bhangarh,bharatverse_monuments.csv,BharatVerse processed monument enrichment,Not Available,Not Available,Processed CSV,Not Available,UNVERIFIED,city; state; latitude; longitude; heritage_category; tourism_popularity,Exact normalized destination-name join,Coordinates and categories are retained as supplied but need independent source verification.
BV-ASI-0013,"Ancient site of Vaishali, Kolhua",CPM List 2024_(3698).pdf,Archaeological Survey of India - Centrally Protected Monuments/Sites list,Not Available,2024,Official government PDF,3,OFFICIAL,destination_type; official-list presence,No exact normalized name match,PDF metadata creation date is 2025-04-08; source filename/title says 2024.
BV-ASI-0013,"Ancient site of Vaishali, Kolhua",asi_monuments_clean.csv,Processed ASI monument visitor table,Not Available,Not Available,Processed CSV,Not Available,UNVERIFIED,domestic_visitors; international_visitors; visitor_count; circle; 2019-20 and 2020-21 visitor measures,Exact normalized destination-name join,File has no source or URL field; 'ASI' in filename alone is not proof of official provenance.
BV-ASI-0013,"Ancient site of Vaishali, Kolhua",bharatverse_monuments.csv,BharatVerse processed monument enrichment,Not Available,Not Available,Processed CSV,Not Available,UNVERIFIED,city; state; latitude; longitude; heritage_category; tourism_popularity,Exact normalized destination-name join,Coordinates and categories are retained as supplied but need independent source verification.
BV-ASI-0014,Ancient Site of Vikramshila Antichak,CPM List 2024_(3698).pdf,Archaeological Survey of India - Centrally Protected Monuments/Sites list,Not Available,2024,Official government PDF,3,OFFICIAL,destination_type; official-list presence,No exact normalized name match,PDF metadata creation date is 2025-04-08; source filename/title says 2024.
BV-ASI-0014,Ancient Site of Vikramshila Antichak,asi_monuments_clean.csv,Processed ASI monument visitor table,Not Available,Not Available,Processed CSV,Not Available,UNVERIFIED,domestic_visitors; international_visitors; visitor_count; circle; 2019-20 and 2020-21 visitor measures,Exact normalized destination-name join,File has no source or URL field; 'ASI' in filename alone is not proof of official provenance.
BV-ASI-0014,Ancient Site of Vikramshila Antichak,bharatverse_monuments.csv,BharatVerse processed monument enrichment,Not Available,Not Available,Processed CSV,Not Available,UNVERIFIED,city; state; latitude; longitude; heritage_category; tourism_popularity,Exact normalized destination-name join,Coordinates and categories are retained as supplied but need independent source verification.
BV-ASI-0015,"Asokan Rock Edict, Jungadh",CPM List 2024_(3698).pdf,Archaeological Survey of India - Centrally Protected Monuments/Sites list,Not Available,2024,Official government PDF,3,OFFICIAL,destination_type; official-list presence,No exact normalized name match,PDF metadata creation date is 2025-04-08; source filename/title says 2024.
BV-ASI-0015,"Asokan Rock Edict, Jungadh",asi_monuments_clean.csv,Processed ASI monument visitor table,Not Available,Not Available,Processed CSV,Not Available,UNVERIFIED,domestic_visitors; international_visitors; visitor_count; circle; 2019-20 and 2020-21 visitor measures,Exact normalized destination-name join,File has no source or URL field; 'ASI' in filename alone is not proof of official provenance.
BV-ASI-0015,"Asokan Rock Edict, Jungadh",bharatverse_monuments.csv,BharatVerse processed monument enrichment,Not Available,Not Available,Processed CSV,Not Available,UNVERIFIED,city; state; latitude; longitude; heritage_category; tourism_popularity,Exact normalized destination-name join,Coordinates and categories are retained as supplied but need independent source verification.
BV-ASI-0016,Aurangabad Caves,CPM List 2024_(3698).pdf,Archaeological Survey of India - Centrally Protected Monuments/Sites list,Not Available,2024,Official government PDF,3,OFFICIAL,destination_type; official-list presence,Exact normalized name match on PDF page 58,PDF metadata creation date is 2025-04-08; source filename/title says 2024.
BV-ASI-0016,Aurangabad Caves,asi_monuments_clean.csv,Processed ASI monument visitor table,Not Available,Not Available,Processed CSV,Not Available,UNVERIFIED,domestic_visitors; international_visitors; visitor_count; circle; 2019-20 and 2020-21 visitor measures,Exact normalized destination-name join,File has no source or URL field; 'ASI' in filename alone is not proof of official provenance.
BV-ASI-0016,Aurangabad Caves,bharatverse_monuments.csv,BharatVerse processed monument enrichment,Not Available,Not Available,Processed CSV,Not Available,UNVERIFIED,city; state; latitude; longitude; heritage_category; tourism_popularity,Exact normalized destination-name join,Coordinates and categories are retained as supplied but need independent source verification.
BV-ASI-0017,"Avantiswamin Temple, Avantipur, District Pulwama",CPM List 2024_(3698).pdf,Archaeological Survey of India - Centrally Protected Monuments/Sites list,Not Available,2024,Official government PDF,3,OFFICIAL,destination_type; official-list presence,No exact normalized name match,PDF metadata creation date is 2025-04-08; source filename/title says 2024.
BV-ASI-0017,"Avantiswamin Temple, Avantipur, District Pulwama",asi_monuments_clean.csv,Processed ASI monument visitor table,Not Available,Not Available,Processed CSV,Not Available,UNVERIFIED,domestic_visitors; international_visitors; visitor_count; circle; 2019-20 and 2020-21 visitor measures,Exact normalized destination-name join,File has no source or URL field; 'ASI' in filename alone is not proof of official provenance.
BV-ASI-0017,"Avantiswamin Temple, Avantipur, District Pulwama",bharatverse_monuments.csv,BharatVerse processed monument enrichment,Not Available,Not Available,Processed CSV,Not Available,UNVERIFIED,city; state; latitude; longitude; heritage_category; tourism_popularity,Exact normalized destination-name join,Coordinates and categories are retained as supplied but need independent source verification.
BV-ASI-0018,"Baba Pyara Caves,Junagadh & Khapra Khodiya Caves, Junagadh",CPM List 2024_(3698).pdf,Archaeological Survey of India - Centrally Protected Monuments/Sites list,Not Available,2024,Official government PDF,3,OFFICIAL,destination_type; official-list presence,No exact normalized name match,PDF metadata creation date is 2025-04-08; source filename/title says 2024.
BV-ASI-0018,"Baba Pyara Caves,Junagadh & Khapra Khodiya Caves, Junagadh",asi_monuments_clean.csv,Processed ASI monument visitor table,Not Available,Not Available,Processed CSV,Not Available,UNVERIFIED,domestic_visitors; international_visitors; visitor_count; circle; 2019-20 and 2020-21 visitor measures,Exact normalized destination-name join,File has no source or URL field; 'ASI' in filename alone is not proof of official provenance.
BV-ASI-0018,"Baba Pyara Caves,Junagadh & Khapra Khodiya Caves, Junagadh",bharatverse_monuments.csv,BharatVerse processed monument enrichment,Not Available,Not Available,Processed CSV,Not Available,UNVERIFIED,city; state; latitude; longitude; heritage_category; tourism_popularity,Exact normalized destination-name join,Coordinates and categories are retained as supplied but need independent source verification.
BV-ASI-0019,"Badal Mahal Gatwway, Chanderi",CPM List 2024_(3698).pdf,Archaeological Survey of India - Centrally Protected Monuments/Sites list,Not Available,2024,Official government PDF,3,OFFICIAL,destination_type; official-list presence,No exact normalized name match,PDF metadata creation date is 2025-04-08; source filename/title says 2024.
BV-ASI-0019,"Badal Mahal Gatwway, Chanderi",asi_monuments_clean.csv,Processed ASI monument visitor table,Not Available,Not Available,Processed CSV,Not Available,UNVERIFIED,domestic_visitors; international_visitors; visitor_count; circle; 2019-20 and 2020-21 visitor measures,Exact normalized destination-name join,File has no source or URL field; 'ASI' in filename alone is not proof of official provenance.
BV-ASI-0019,"Badal Mahal Gatwway, Chanderi",bharatverse_monuments.csv,BharatVerse processed monument enrichment,Not Available,Not Available,Processed CSV,Not Available,UNVERIFIED,city; state; latitude; longitude; heritage_category; tourism_popularity,Exact normalized destination-name join,Coordinates and categories are retained as supplied but need independent source verification.
BV-ASI-0020,Baori at Abhaneri,CPM List 2024_(3698).pdf,Archaeological Survey of India - Centrally Protected Monuments/Sites list,Not Available,2024,Official government PDF,3,OFFICIAL,destination_type; official-list presence,No exact normalized name match,PDF metadata creation date is 2025-04-08; source filename/title says 2024.
BV-ASI-0020,Baori at Abhaneri,asi_monuments_clean.csv,Processed ASI monument visitor table,Not Available,Not Available,Processed CSV,Not Available,UNVERIFIED,domestic_visitors; international_visitors; visitor_count; circle; 2019-20 and 2020-21 visitor measures,Exact normalized destination-name join,File has no source or URL field; 'ASI' in filename alone is not proof of official provenance.
BV-ASI-0020,Baori at Abhaneri,bharatverse_monuments.csv,BharatVerse processed monument enrichment,Not Available,Not Available,Processed CSV,Not Available,UNVERIFIED,city; state; latitude; longitude; heritage_category; tourism_popularity,Exact normalized destination-name join,Coordinates and categories are retained as supplied but need independent source verification.
BV-ASI-0021,"Bekal Fort, Pallikkare, Distt. Kasargod",CPM List 2024_(3698).pdf,Archaeological Survey of India - Centrally Protected Monuments/Sites list,Not Available,2024,Official government PDF,3,OFFICIAL,destination_type; official-list presence,No exact normalized name match,PDF metadata creation date is 2025-04-08; source filename/title says 2024.
BV-ASI-0021,"Bekal Fort, Pallikkare, Distt. Kasargod",asi_monuments_clean.csv,Processed ASI monument visitor table,Not Available,Not Available,Processed CSV,Not Available,UNVERIFIED,domestic_visitors; international_visitors; visitor_count; circle; 2019-20 and 2020-21 visitor measures,Exact normalized destination-name join,File has no source or URL field; 'ASI' in filename alone is not proof of official provenance.
BV-ASI-0021,"Bekal Fort, Pallikkare, Distt. Kasargod",bharatverse_monuments.csv,BharatVerse processed monument enrichment,Not Available,Not Available,Processed CSV,Not Available,UNVERIFIED,city; state; latitude; longitude; heritage_category; tourism_popularity,Exact normalized destination-name join,Coordinates and categories are retained as supplied but need independent source verification.
BV-ASI-0022,Bellary Fort,CPM List 2024_(3698).pdf,Archaeological Survey of India - Centrally Protected Monuments/Sites list,Not Available,2024,Official government PDF,3,OFFICIAL,destination_type; official-list presence,No exact normalized name match,PDF metadata creation date is 2025-04-08; source filename/title says 2024.
BV-ASI-0022,Bellary Fort,asi_monuments_clean.csv,Processed ASI monument visitor table,Not Available,Not Available,Processed CSV,Not Available,UNVERIFIED,domestic_visitors; international_visitors; visitor_count; circle; 2019-20 and 2020-21 visitor measures,Exact normalized destination-name join,File has no source or URL field; 'ASI' in filename alone is not proof of official provenance.
BV-ASI-0022,Bellary Fort,bharatverse_monuments.csv,BharatVerse processed monument enrichment,Not Available,Not Available,Processed CSV,Not Available,UNVERIFIED,city; state; latitude; longitude; heritage_category; tourism_popularity,Exact normalized destination-name join,Coordinates and categories are retained as supplied but need independent source verification.
BV-ASI-0023,Bir Singh Palace Datia,CPM List 2024_(3698).pdf,Archaeological Survey of India - Centrally Protected Monuments/Sites list,Not Available,2024,Official government PDF,3,OFFICIAL,destination_type; official-list presence,Exact normalized name match on PDF page 51,PDF metadata creation date is 2025-04-08; source filename/title says 2024.
BV-ASI-0023,Bir Singh Palace Datia,asi_monuments_clean.csv,Processed ASI monument visitor table,Not Available,Not Available,Processed CSV,Not Available,UNVERIFIED,domestic_visitors; international_visitors; visitor_count; circle; 2019-20 and 2020-21 visitor measures,Exact normalized destination-name join,File has no source or URL field; 'ASI' in filename alone is not proof of official provenance.
BV-ASI-0023,Bir Singh Palace Datia,bharatverse_monuments.csv,BharatVerse processed monument enrichment,Not Available,Not Available,Processed CSV,Not Available,UNVERIFIED,city; state; latitude; longitude; heritage_category; tourism_popularity,Exact normalized destination-name join,Coordinates and categories are retained as supplied but need independent source verification.
BV-ASI-0024,Bishnudol,CPM List 2024_(3698).pdf,Archaeological Survey of India - Centrally Protected Monuments/Sites list,Not Available,2024,Official government PDF,3,OFFICIAL,destination_type; official-list presence,Exact normalized name match on PDF page 11,PDF metadata creation date is 2025-04-08; source filename/title says 2024.
BV-ASI-0024,Bishnudol,asi_monuments_clean.csv,Processed ASI monument visitor table,Not Available,Not Available,Processed CSV,Not Available,UNVERIFIED,domestic_visitors; international_visitors; visitor_count; circle; 2019-20 and 2020-21 visitor measures,Exact normalized destination-name join,File has no source or URL field; 'ASI' in filename alone is not proof of official provenance.
BV-ASI-0024,Bishnudol,bharatverse_monuments.csv,BharatVerse processed monument enrichment,Not Available,Not Available,Processed CSV,Not Available,UNVERIFIED,city; state; latitude; longitude; heritage_category; tourism_popularity,Exact normalized destination-name join,Coordinates and categories are retained as supplied but need independent source verification.
BV-ASI-0025,Bishnupur Temples,CPM List 2024_(3698).pdf,Archaeological Survey of India - Centrally Protected Monuments/Sites list,Not Available,2024,Official government PDF,3,OFFICIAL,destination_type; official-list presence,No exact normalized name match,PDF metadata creation date is 2025-04-08; source filename/title says 2024.
BV-ASI-0025,Bishnupur Temples,asi_monuments_clean.csv,Processed ASI monument visitor table,Not Available,Not Available,Processed CSV,Not Available,UNVERIFIED,domestic_visitors; international_visitors; visitor_count; circle; 2019-20 and 2020-21 visitor measures,Exact normalized destination-name join,File has no source or URL field; 'ASI' in filename alone is not proof of official provenance.
BV-ASI-0025,Bishnupur Temples,bharatverse_monuments.csv,BharatVerse processed monument enrichment,Not Available,Not Available,Processed CSV,Not Available,UNVERIFIED,city; state; latitude; longitude; heritage_category; tourism_popularity,Exact normalized destination-name join,Coordinates and categories are retained as supplied but need independent source verification.
BV-ASI-0026,"Buddhish Caves, Junagadh",CPM List 2024_(3698).pdf,Archaeological Survey of India - Centrally Protected Monuments/Sites list,Not Available,2024,Official government PDF,3,OFFICIAL,destination_type; official-list presence,No exact normalized name match,PDF metadata creation date is 2025-04-08; source filename/title says 2024.
BV-ASI-0026,"Buddhish Caves, Junagadh",asi_monuments_clean.csv,Processed ASI monument visitor table,Not Available,Not Available,Processed CSV,Not Available,UNVERIFIED,domestic_visitors; international_visitors; visitor_count; circle; 2019-20 and 2020-21 visitor measures,Exact normalized destination-name join,File has no source or URL field; 'ASI' in filename alone is not proof of official provenance.
BV-ASI-0026,"Buddhish Caves, Junagadh",bharatverse_monuments.csv,BharatVerse processed monument enrichment,Not Available,Not Available,Processed CSV,Not Available,UNVERIFIED,city; state; latitude; longitude; heritage_category; tourism_popularity,Exact normalized destination-name join,Coordinates and categories are retained as supplied but need independent source verification.
BV-ASI-0027,"Buddhist cave no 01 to 51 Dhamnar, Tehsil Garoth",CPM List 2024_(3698).pdf,Archaeological Survey of India - Centrally Protected Monuments/Sites list,Not Available,2024,Official government PDF,3,OFFICIAL,destination_type; official-list presence,No exact normalized name match,PDF metadata creation date is 2025-04-08; source filename/title says 2024.
BV-ASI-0027,"Buddhist cave no 01 to 51 Dhamnar, Tehsil Garoth",asi_monuments_clean.csv,Processed ASI monument visitor table,Not Available,Not Available,Processed CSV,Not Available,UNVERIFIED,domestic_visitors; international_visitors; visitor_count; circle; 2019-20 and 2020-21 visitor measures,Exact normalized destination-name join,File has no source or URL field; 'ASI' in filename alone is not proof of official provenance.
BV-ASI-0027,"Buddhist cave no 01 to 51 Dhamnar, Tehsil Garoth",bharatverse_monuments.csv,BharatVerse processed monument enrichment,Not Available,Not Available,Processed CSV,Not Available,UNVERIFIED,city; state; latitude; longitude; heritage_category; tourism_popularity,Exact normalized destination-name join,Coordinates and categories are retained as supplied but need independent source verification.
BV-ASI-0028,Buddhist Caves,CPM List 2024_(3698).pdf,Archaeological Survey of India - Centrally Protected Monuments/Sites list,Not Available,2024,Official government PDF,3,OFFICIAL,destination_type; official-list presence,Exact normalized name match on PDF page 51,PDF metadata creation date is 2025-04-08; source filename/title says 2024.
BV-ASI-0028,Buddhist Caves,asi_monuments_clean.csv,Processed ASI monument visitor table,Not Available,Not Available,Processed CSV,Not Available,UNVERIFIED,domestic_visitors; international_visitors; visitor_count; circle; 2019-20 and 2020-21 visitor measures,Exact normalized destination-name join,File has no source or URL field; 'ASI' in filename alone is not proof of official provenance.
BV-ASI-0028,Buddhist Caves,bharatverse_monuments.csv,BharatVerse processed monument enrichment,Not Available,Not Available,Processed CSV,Not Available,UNVERIFIED,city; state; latitude; longitude; heritage_category; tourism_popularity,Exact normalized destination-name join,Coordinates and categories are retained as supplied but need independent source verification.
BV-ASI-0029,Buddhist Caves Kanheri,CPM List 2024_(3698).pdf,Archaeological Survey of India - Centrally Protected Monuments/Sites list,Not Available,2024,Official government PDF,3,OFFICIAL,destination_type; official-list presence,No exact normalized name match,PDF metadata creation date is 2025-04-08; source filename/title says 2024.
BV-ASI-0029,Buddhist Caves Kanheri,asi_monuments_clean.csv,Processed ASI monument visitor table,Not Available,Not Available,Processed CSV,Not Available,UNVERIFIED,domestic_visitors; international_visitors; visitor_count; circle; 2019-20 and 2020-21 visitor measures,Exact normalized destination-name join,File has no source or URL field; 'ASI' in filename alone is not proof of official provenance.
BV-ASI-0029,Buddhist Caves Kanheri,bharatverse_monuments.csv,BharatVerse processed monument enrichment,Not Available,Not Available,Processed CSV,Not Available,UNVERIFIED,city; state; latitude; longitude; heritage_category; tourism_popularity,Exact normalized destination-name join,Coordinates and categories are retained as supplied but need independent source verification.
BV-ASI-0030,"Buddhist Monuments, Sanchi",CPM List 2024_(3698).pdf,Archaeological Survey of India - Centrally Protected Monuments/Sites list,Not Available,2024,Official government PDF,3,OFFICIAL,destination_type; official-list presence,Exact normalized name match on PDF page 53,PDF metadata creation date is 2025-04-08; source filename/title says 2024.
BV-ASI-0030,"Buddhist Monuments, Sanchi",asi_monuments_clean.csv,Processed ASI monument visitor table,Not Available,Not Available,Processed CSV,Not Available,UNVERIFIED,domestic_visitors; international_visitors; visitor_count; circle; 2019-20 and 2020-21 visitor measures,Exact normalized destination-name join,File has no source or URL field; 'ASI' in filename alone is not proof of official provenance.
BV-ASI-0030,"Buddhist Monuments, Sanchi",bharatverse_monuments.csv,BharatVerse processed monument enrichment,Not Available,Not Available,Processed CSV,Not Available,UNVERIFIED,city; state; latitude; longitude; heritage_category; tourism_popularity,Exact normalized destination-name join,Coordinates and categories are retained as supplied but need independent source verification.
BV-ASI-0031,"Buddhist Remains on hill top at Guntupalli, W.G.District",CPM List 2024_(3698).pdf,Archaeological Survey of India - Centrally Protected Monuments/Sites list,Not Available,2024,Official government PDF,3,OFFICIAL,destination_type; official-list presence,No exact normalized name match,PDF metadata creation date is 2025-04-08; source filename/title says 2024.
BV-ASI-0031,"Buddhist Remains on hill top at Guntupalli, W.G.District",asi_monuments_clean.csv,Processed ASI monument visitor table,Not Available,Not Available,Processed CSV,Not Available,UNVERIFIED,domestic_visitors; international_visitors; visitor_count; circle; 2019-20 and 2020-21 visitor measures,Exact normalized destination-name join,File has no source or URL field; 'ASI' in filename alone is not proof of official provenance.
BV-ASI-0031,"Buddhist Remains on hill top at Guntupalli, W.G.District",bharatverse_monuments.csv,BharatVerse processed monument enrichment,Not Available,Not Available,Processed CSV,Not Available,UNVERIFIED,city; state; latitude; longitude; heritage_category; tourism_popularity,Exact normalized destination-name join,Coordinates and categories are retained as supplied but need independent source verification.
BV-ASI-0032,Caves 1 t0 20 Udaygiri Vidisha,CPM List 2024_(3698).pdf,Archaeological Survey of India - Centrally Protected Monuments/Sites list,Not Available,2024,Official government PDF,3,OFFICIAL,destination_type; official-list presence,No exact normalized name match,PDF metadata creation date is 2025-04-08; source filename/title says 2024.
BV-ASI-0032,Caves 1 t0 20 Udaygiri Vidisha,asi_monuments_clean.csv,Processed ASI monument visitor table,Not Available,Not Available,Processed CSV,Not Available,UNVERIFIED,domestic_visitors; international_visitors; visitor_count; circle; 2019-20 and 2020-21 visitor measures,Exact normalized destination-name join,File has no source or URL field; 'ASI' in filename alone is not proof of official provenance.
BV-ASI-0032,Caves 1 t0 20 Udaygiri Vidisha,bharatverse_monuments.csv,BharatVerse processed monument enrichment,Not Available,Not Available,Processed CSV,Not Available,UNVERIFIED,city; state; latitude; longitude; heritage_category; tourism_popularity,Exact normalized destination-name join,Coordinates and categories are retained as supplied but need independent source verification.
BV-ASI-0033,"Caves, Temples and inscriptions Karla",CPM List 2024_(3698).pdf,Archaeological Survey of India - Centrally Protected Monuments/Sites list,Not Available,2024,Official government PDF,3,OFFICIAL,destination_type; official-list presence,No exact normalized name match,PDF metadata creation date is 2025-04-08; source filename/title says 2024.
BV-ASI-0033,"Caves, Temples and inscriptions Karla",asi_monuments_clean.csv,Processed ASI monument visitor table,Not Available,Not Available,Processed CSV,Not Available,UNVERIFIED,domestic_visitors; international_visitors; visitor_count; circle; 2019-20 and 2020-21 visitor measures,Exact normalized destination-name join,File has no source or URL field; 'ASI' in filename alone is not proof of official provenance.
BV-ASI-0033,"Caves, Temples and inscriptions Karla",bharatverse_monuments.csv,BharatVerse processed monument enrichment,Not Available,Not Available,Processed CSV,Not Available,UNVERIFIED,city; state; latitude; longitude; heritage_category; tourism_popularity,Exact normalized destination-name join,Coordinates and categories are retained as supplied but need independent source verification.
BV-ASI-0034,"Cave, Temple and Inscriptions, Junaar, Lenyadri",CPM List 2024_(3698).pdf,Archaeological Survey of India - Centrally Protected Monuments/Sites list,Not Available,2024,Official government PDF,3,OFFICIAL,destination_type; official-list presence,No exact normalized name match,PDF metadata creation date is 2025-04-08; source filename/title says 2024.
BV-ASI-0034,"Cave, Temple and Inscriptions, Junaar, Lenyadri",asi_monuments_clean.csv,Processed ASI monument visitor table,Not Available,Not Available,Processed CSV,Not Available,UNVERIFIED,domestic_visitors; international_visitors; visitor_count; circle; 2019-20 and 2020-21 visitor measures,Exact normalized destination-name join,File has no source or URL field; 'ASI' in filename alone is not proof of official provenance.
BV-ASI-0034,"Cave, Temple and Inscriptions, Junaar, Lenyadri",bharatverse_monuments.csv,BharatVerse processed monument enrichment,Not Available,Not Available,Processed CSV,Not Available,UNVERIFIED,city; state; latitude; longitude; heritage_category; tourism_popularity,Exact normalized destination-name join,Coordinates and categories are retained as supplied but need independent source verification.
BV-ASI-0035,"Cave Temple & Inscriptions, Bhaja",CPM List 2024_(3698).pdf,Archaeological Survey of India - Centrally Protected Monuments/Sites list,Not Available,2024,Official government PDF,3,OFFICIAL,destination_type; official-list presence,No exact normalized name match,PDF metadata creation date is 2025-04-08; source filename/title says 2024.
BV-ASI-0035,"Cave Temple & Inscriptions, Bhaja",asi_monuments_clean.csv,Processed ASI monument visitor table,Not Available,Not Available,Processed CSV,Not Available,UNVERIFIED,domestic_visitors; international_visitors; visitor_count; circle; 2019-20 and 2020-21 visitor measures,Exact normalized destination-name join,File has no source or URL field; 'ASI' in filename alone is not proof of official provenance.
BV-ASI-0035,"Cave Temple & Inscriptions, Bhaja",bharatverse_monuments.csv,BharatVerse processed monument enrichment,Not Available,Not Available,Processed CSV,Not Available,UNVERIFIED,city; state; latitude; longitude; heritage_category; tourism_popularity,Exact normalized destination-name join,Coordinates and categories are retained as supplied but need independent source verification.
BV-ASI-0036,"Champaner Monuments, Pavagadh",CPM List 2024_(3698).pdf,Archaeological Survey of India - Centrally Protected Monuments/Sites list,Not Available,2024,Official government PDF,3,OFFICIAL,destination_type; official-list presence,No exact normalized name match,PDF metadata creation date is 2025-04-08; source filename/title says 2024.
BV-ASI-0036,"Champaner Monuments, Pavagadh",asi_monuments_clean.csv,Processed ASI monument visitor table,Not Available,Not Available,Processed CSV,Not Available,UNVERIFIED,domestic_visitors; international_visitors; visitor_count; circle; 2019-20 and 2020-21 visitor measures,Exact normalized destination-name join,File has no source or URL field; 'ASI' in filename alone is not proof of official provenance.
BV-ASI-0036,"Champaner Monuments, Pavagadh",bharatverse_monuments.csv,BharatVerse processed monument enrichment,Not Available,Not Available,Processed CSV,Not Available,UNVERIFIED,city; state; latitude; longitude; heritage_category; tourism_popularity,Exact normalized destination-name join,Coordinates and categories are retained as supplied but need independent source verification.
BV-ASI-0037,Chandragiri Monument,CPM List 2024_(3698).pdf,Archaeological Survey of India - Centrally Protected Monuments/Sites list,Not Available,2024,Official government PDF,3,OFFICIAL,destination_type; official-list presence,No exact normalized name match,PDF metadata creation date is 2025-04-08; source filename/title says 2024.
BV-ASI-0037,Chandragiri Monument,asi_monuments_clean.csv,Processed ASI monument visitor table,Not Available,Not Available,Processed CSV,Not Available,UNVERIFIED,domestic_visitors; international_visitors; visitor_count; circle; 2019-20 and 2020-21 visitor measures,Exact normalized destination-name join,File has no source or URL field; 'ASI' in filename alone is not proof of official provenance.
BV-ASI-0037,Chandragiri Monument,bharatverse_monuments.csv,BharatVerse processed monument enrichment,Not Available,Not Available,Processed CSV,Not Available,UNVERIFIED,city; state; latitude; longitude; heritage_category; tourism_popularity,Exact normalized destination-name join,Coordinates and categories are retained as supplied but need independent source verification.
BV-ASI-0038,Charminar,CPM List 2024_(3698).pdf,Archaeological Survey of India - Centrally Protected Monuments/Sites list,Not Available,2024,Official government PDF,3,OFFICIAL,destination_type; official-list presence,Exact normalized name match on PDF page 92,PDF metadata creation date is 2025-04-08; source filename/title says 2024.
BV-ASI-0038,Charminar,asi_monuments_clean.csv,Processed ASI monument visitor table,Not Available,Not Available,Processed CSV,Not Available,UNVERIFIED,domestic_visitors; international_visitors; visitor_count; circle; 2019-20 and 2020-21 visitor measures,Exact normalized destination-name join,File has no source or URL field; 'ASI' in filename alone is not proof of official provenance.
BV-ASI-0038,Charminar,bharatverse_monuments.csv,BharatVerse processed monument enrichment,Not Available,Not Available,Processed CSV,Not Available,UNVERIFIED,city; state; latitude; longitude; heritage_category; tourism_popularity,Exact normalized destination-name join,Coordinates and categories are retained as supplied but need independent source verification.
BV-ASI-0039,Chittaurgarh Fort,CPM List 2024_(3698).pdf,Archaeological Survey of India - Centrally Protected Monuments/Sites list,Not Available,2024,Official government PDF,3,OFFICIAL,destination_type; official-list presence,No exact normalized name match,PDF metadata creation date is 2025-04-08; source filename/title says 2024.
BV-ASI-0039,Chittaurgarh Fort,asi_monuments_clean.csv,Processed ASI monument visitor table,Not Available,Not Available,Processed CSV,Not Available,UNVERIFIED,domestic_visitors; international_visitors; visitor_count; circle; 2019-20 and 2020-21 visitor measures,Exact normalized destination-name join,File has no source or URL field; 'ASI' in filename alone is not proof of official provenance.
BV-ASI-0039,Chittaurgarh Fort,bharatverse_monuments.csv,BharatVerse processed monument enrichment,Not Available,Not Available,Processed CSV,Not Available,UNVERIFIED,city; state; latitude; longitude; heritage_category; tourism_popularity,Exact normalized destination-name join,Coordinates and categories are retained as supplied but need independent source verification.
BV-ASI-0040,Cooch Bihar Palace,CPM List 2024_(3698).pdf,Archaeological Survey of India - Centrally Protected Monuments/Sites list,Not Available,2024,Official government PDF,3,OFFICIAL,destination_type; official-list presence,No exact normalized name match,PDF metadata creation date is 2025-04-08; source filename/title says 2024.
BV-ASI-0040,Cooch Bihar Palace,asi_monuments_clean.csv,Processed ASI monument visitor table,Not Available,Not Available,Processed CSV,Not Available,UNVERIFIED,domestic_visitors; international_visitors; visitor_count; circle; 2019-20 and 2020-21 visitor measures,Exact normalized destination-name join,File has no source or URL field; 'ASI' in filename alone is not proof of official provenance.
BV-ASI-0040,Cooch Bihar Palace,bharatverse_monuments.csv,BharatVerse processed monument enrichment,Not Available,Not Available,Processed CSV,Not Available,UNVERIFIED,city; state; latitude; longitude; heritage_category; tourism_popularity,Exact normalized destination-name join,Coordinates and categories are retained as supplied but need independent source verification.
BV-ASI-0041,Dariya Daulath Bagh,CPM List 2024_(3698).pdf,Archaeological Survey of India - Centrally Protected Monuments/Sites list,Not Available,2024,Official government PDF,3,OFFICIAL,destination_type; official-list presence,No exact normalized name match,PDF metadata creation date is 2025-04-08; source filename/title says 2024.
BV-ASI-0041,Dariya Daulath Bagh,asi_monuments_clean.csv,Processed ASI monument visitor table,Not Available,Not Available,Processed CSV,Not Available,UNVERIFIED,domestic_visitors; international_visitors; visitor_count; circle; 2019-20 and 2020-21 visitor measures,Exact normalized destination-name join,File has no source or URL field; 'ASI' in filename alone is not proof of official provenance.
BV-ASI-0041,Dariya Daulath Bagh,bharatverse_monuments.csv,BharatVerse processed monument enrichment,Not Available,Not Available,Processed CSV,Not Available,UNVERIFIED,city; state; latitude; longitude; heritage_category; tourism_popularity,Exact normalized destination-name join,Coordinates and categories are retained as supplied but need independent source verification.
BV-ASI-0042,Daulatabad Fort,CPM List 2024_(3698).pdf,Archaeological Survey of India - Centrally Protected Monuments/Sites list,Not Available,2024,Official government PDF,3,OFFICIAL,destination_type; official-list presence,Exact normalized name match on PDF page 58,PDF metadata creation date is 2025-04-08; source filename/title says 2024.
BV-ASI-0042,Daulatabad Fort,asi_monuments_clean.csv,Processed ASI monument visitor table,Not Available,Not Available,Processed CSV,Not Available,UNVERIFIED,domestic_visitors; international_visitors; visitor_count; circle; 2019-20 and 2020-21 visitor measures,Exact normalized destination-name join,File has no source or URL field; 'ASI' in filename alone is not proof of official provenance.
BV-ASI-0042,Daulatabad Fort,bharatverse_monuments.csv,BharatVerse processed monument enrichment,Not Available,Not Available,Processed CSV,Not Available,UNVERIFIED,city; state; latitude; longitude; heritage_category; tourism_popularity,Exact normalized destination-name join,Coordinates and categories are retained as supplied but need independent source verification.
BV-ASI-0043,Deeg Bhawan,CPM List 2024_(3698).pdf,Archaeological Survey of India - Centrally Protected Monuments/Sites list,Not Available,2024,Official government PDF,3,OFFICIAL,destination_type; official-list presence,Exact normalized name match on PDF page 86,PDF metadata creation date is 2025-04-08; source filename/title says 2024.
BV-ASI-0043,Deeg Bhawan,asi_monuments_clean.csv,Processed ASI monument visitor table,Not Available,Not Available,Processed CSV,Not Available,UNVERIFIED,domestic_visitors; international_visitors; visitor_count; circle; 2019-20 and 2020-21 visitor measures,Exact normalized destination-name join,File has no source or URL field; 'ASI' in filename alone is not proof of official provenance.
BV-ASI-0043,Deeg Bhawan,bharatverse_monuments.csv,BharatVerse processed monument enrichment,Not Available,Not Available,Processed CSV,Not Available,UNVERIFIED,city; state; latitude; longitude; heritage_category; tourism_popularity,Exact normalized destination-name join,Coordinates and categories are retained as supplied but need independent source verification.
BV-ASI-0044,Durga temple complex Aihole,CPM List 2024_(3698).pdf,Archaeological Survey of India - Centrally Protected Monuments/Sites list,Not Available,2024,Official government PDF,3,OFFICIAL,destination_type; official-list presence,No exact normalized name match,PDF metadata creation date is 2025-04-08; source filename/title says 2024.
BV-ASI-0044,Durga temple complex Aihole,asi_monuments_clean.csv,Processed ASI monument visitor table,Not Available,Not Available,Processed CSV,Not Available,UNVERIFIED,domestic_visitors; international_visitors; visitor_count; circle; 2019-20 and 2020-21 visitor measures,Exact normalized destination-name join,File has no source or URL field; 'ASI' in filename alone is not proof of official provenance.
BV-ASI-0044,Durga temple complex Aihole,bharatverse_monuments.csv,BharatVerse processed monument enrichment,Not Available,Not Available,Processed CSV,Not Available,UNVERIFIED,city; state; latitude; longitude; heritage_category; tourism_popularity,Exact normalized destination-name join,Coordinates and categories are retained as supplied but need independent source verification.
BV-ASI-0045,Elephanta Caves,CPM List 2024_(3698).pdf,Archaeological Survey of India - Centrally Protected Monuments/Sites list,Not Available,2024,Official government PDF,3,OFFICIAL,destination_type; official-list presence,Exact normalized name match on PDF page 62,PDF metadata creation date is 2025-04-08; source filename/title says 2024.
BV-ASI-0045,Elephanta Caves,asi_monuments_clean.csv,Processed ASI monument visitor table,Not Available,Not Available,Processed CSV,Not Available,UNVERIFIED,domestic_visitors; international_visitors; visitor_count; circle; 2019-20 and 2020-21 visitor measures,Exact normalized destination-name join,File has no source or URL field; 'ASI' in filename alone is not proof of official provenance.
BV-ASI-0045,Elephanta Caves,bharatverse_monuments.csv,BharatVerse processed monument enrichment,Not Available,Not Available,Processed CSV,Not Available,UNVERIFIED,city; state; latitude; longitude; heritage_category; tourism_popularity,Exact normalized destination-name join,Coordinates and categories are retained as supplied but need independent source verification.
BV-ASI-0046,Ellora Caves,CPM List 2024_(3698).pdf,Archaeological Survey of India - Centrally Protected Monuments/Sites list,Not Available,2024,Official government PDF,3,OFFICIAL,destination_type; official-list presence,Exact normalized name match on PDF page 59,PDF metadata creation date is 2025-04-08; source filename/title says 2024.
BV-ASI-0046,Ellora Caves,asi_monuments_clean.csv,Processed ASI monument visitor table,Not Available,Not Available,Processed CSV,Not Available,UNVERIFIED,domestic_visitors; international_visitors; visitor_count; circle; 2019-20 and 2020-21 visitor measures,Exact normalized destination-name join,File has no source or URL field; 'ASI' in filename alone is not proof of official provenance.
BV-ASI-0046,Ellora Caves,bharatverse_monuments.csv,BharatVerse processed monument enrichment,Not Available,Not Available,Processed CSV,Not Available,UNVERIFIED,city; state; latitude; longitude; heritage_category; tourism_popularity,Exact normalized destination-name join,Coordinates and categories are retained as supplied but need independent source verification.
BV-ASI-0047,Excavated Remains at Nalanda,CPM List 2024_(3698).pdf,Archaeological Survey of India - Centrally Protected Monuments/Sites list,Not Available,2024,Official government PDF,3,OFFICIAL,destination_type; official-list presence,No exact normalized name match,PDF metadata creation date is 2025-04-08; source filename/title says 2024.
BV-ASI-0047,Excavated Remains at Nalanda,asi_monuments_clean.csv,Processed ASI monument visitor table,Not Available,Not Available,Processed CSV,Not Available,UNVERIFIED,domestic_visitors; international_visitors; visitor_count; circle; 2019-20 and 2020-21 visitor measures,Exact normalized destination-name join,File has no source or URL field; 'ASI' in filename alone is not proof of official provenance.
BV-ASI-0047,Excavated Remains at Nalanda,bharatverse_monuments.csv,BharatVerse processed monument enrichment,Not Available,Not Available,Processed CSV,Not Available,UNVERIFIED,city; state; latitude; longitude; heritage_category; tourism_popularity,Exact normalized destination-name join,Coordinates and categories are retained as supplied but need independent source verification.
BV-ASI-0048,Excavated Remains at sarnath,CPM List 2024_(3698).pdf,Archaeological Survey of India - Centrally Protected Monuments/Sites list,Not Available,2024,Official government PDF,3,OFFICIAL,destination_type; official-list presence,No exact normalized name match,PDF metadata creation date is 2025-04-08; source filename/title says 2024.
BV-ASI-0048,Excavated Remains at sarnath,asi_monuments_clean.csv,Processed ASI monument visitor table,Not Available,Not Available,Processed CSV,Not Available,UNVERIFIED,domestic_visitors; international_visitors; visitor_count; circle; 2019-20 and 2020-21 visitor measures,Exact normalized destination-name join,File has no source or URL field; 'ASI' in filename alone is not proof of official provenance.
BV-ASI-0048,Excavated Remains at sarnath,bharatverse_monuments.csv,BharatVerse processed monument enrichment,Not Available,Not Available,Processed CSV,Not Available,UNVERIFIED,city; state; latitude; longitude; heritage_category; tourism_popularity,Exact normalized destination-name join,Coordinates and categories are retained as supplied but need independent source verification.
BV-ASI-0049,Fatehpur Sikri,CPM List 2024_(3698).pdf,Archaeological Survey of India - Centrally Protected Monuments/Sites list,Not Available,2024,Official government PDF,3,OFFICIAL,destination_type; official-list presence,Exact normalized name match on PDF page 110,PDF metadata creation date is 2025-04-08; source filename/title says 2024.
BV-ASI-0049,Fatehpur Sikri,asi_monuments_clean.csv,Processed ASI monument visitor table,Not Available,Not Available,Processed CSV,Not Available,UNVERIFIED,domestic_visitors; international_visitors; visitor_count; circle; 2019-20 and 2020-21 visitor measures,Exact normalized destination-name join,File has no source or URL field; 'ASI' in filename alone is not proof of official provenance.
BV-ASI-0049,Fatehpur Sikri,bharatverse_monuments.csv,BharatVerse processed monument enrichment,Not Available,Not Available,Processed CSV,Not Available,UNVERIFIED,city; state; latitude; longitude; heritage_category; tourism_popularity,Exact normalized destination-name join,Coordinates and categories are retained as supplied but need independent source verification.
BV-ASI-0050,"Fort Museum, Thirumayam",CPM List 2024_(3698).pdf,Archaeological Survey of India - Centrally Protected Monuments/Sites list,Not Available,2024,Official government PDF,3,OFFICIAL,destination_type; official-list presence,No exact normalized name match,PDF metadata creation date is 2025-04-08; source filename/title says 2024.
BV-ASI-0050,"Fort Museum, Thirumayam",asi_monuments_clean.csv,Processed ASI monument visitor table,Not Available,Not Available,Processed CSV,Not Available,UNVERIFIED,domestic_visitors; international_visitors; visitor_count; circle; 2019-20 and 2020-21 visitor measures,Exact normalized destination-name join,File has no source or URL field; 'ASI' in filename alone is not proof of official provenance.
BV-ASI-0050,"Fort Museum, Thirumayam",bharatverse_monuments.csv,BharatVerse processed monument enrichment,Not Available,Not Available,Processed CSV,Not Available,UNVERIFIED,city; state; latitude; longitude; heritage_category; tourism_popularity,Exact normalized destination-name join,Coordinates and categories are retained as supplied but need independent source verification.
BV-ASI-0051,"Fort on Rock, Dindigual",CPM List 2024_(3698).pdf,Archaeological Survey of India - Centrally Protected Monuments/Sites list,Not Available,2024,Official government PDF,3,OFFICIAL,destination_type; official-list presence,No exact normalized name match,PDF metadata creation date is 2025-04-08; source filename/title says 2024.
BV-ASI-0051,"Fort on Rock, Dindigual",asi_monuments_clean.csv,Processed ASI monument visitor table,Not Available,Not Available,Processed CSV,Not Available,UNVERIFIED,domestic_visitors; international_visitors; visitor_count; circle; 2019-20 and 2020-21 visitor measures,Exact normalized destination-name join,File has no source or URL field; 'ASI' in filename alone is not proof of official provenance.
BV-ASI-0051,"Fort on Rock, Dindigual",bharatverse_monuments.csv,BharatVerse processed monument enrichment,Not Available,Not Available,Processed CSV,Not Available,UNVERIFIED,city; state; latitude; longitude; heritage_category; tourism_popularity,Exact normalized destination-name join,Coordinates and categories are retained as supplied but need independent source verification.
BV-ASI-0052,"Fort, Palakkad, Palakkad",CPM List 2024_(3698).pdf,Archaeological Survey of India - Centrally Protected Monuments/Sites list,Not Available,2024,Official government PDF,3,OFFICIAL,destination_type; official-list presence,No exact normalized name match,PDF metadata creation date is 2025-04-08; source filename/title says 2024.
BV-ASI-0052,"Fort, Palakkad, Palakkad",asi_monuments_clean.csv,Processed ASI monument visitor table,Not Available,Not Available,Processed CSV,Not Available,UNVERIFIED,domestic_visitors; international_visitors; visitor_count; circle; 2019-20 and 2020-21 visitor measures,Exact normalized destination-name join,File has no source or URL field; 'ASI' in filename alone is not proof of official provenance.
BV-ASI-0052,"Fort, Palakkad, Palakkad",bharatverse_monuments.csv,BharatVerse processed monument enrichment,Not Available,Not Available,Processed CSV,Not Available,UNVERIFIED,city; state; latitude; longitude; heritage_category; tourism_popularity,Exact normalized destination-name join,Coordinates and categories are retained as supplied but need independent source verification.
BV-ASI-0053,Fortress and Temple Chitrudurga Fort,CPM List 2024_(3698).pdf,Archaeological Survey of India - Centrally Protected Monuments/Sites list,Not Available,2024,Official government PDF,3,OFFICIAL,destination_type; official-list presence,No exact normalized name match,PDF metadata creation date is 2025-04-08; source filename/title says 2024.
BV-ASI-0053,Fortress and Temple Chitrudurga Fort,asi_monuments_clean.csv,Processed ASI monument visitor table,Not Available,Not Available,Processed CSV,Not Available,UNVERIFIED,domestic_visitors; international_visitors; visitor_count; circle; 2019-20 and 2020-21 visitor measures,Exact normalized destination-name join,File has no source or URL field; 'ASI' in filename alone is not proof of official provenance.
BV-ASI-0053,Fortress and Temple Chitrudurga Fort,bharatverse_monuments.csv,BharatVerse processed monument enrichment,Not Available,Not Available,Processed CSV,Not Available,UNVERIFIED,city; state; latitude; longitude; heritage_category; tourism_popularity,Exact normalized destination-name join,Coordinates and categories are retained as supplied but need independent source verification.
BV-ASI-0054,"Fort St. Angelo, Kannur",CPM List 2024_(3698).pdf,Archaeological Survey of India - Centrally Protected Monuments/Sites list,Not Available,2024,Official government PDF,3,OFFICIAL,destination_type; official-list presence,Exact normalized name match on PDF page 47,PDF metadata creation date is 2025-04-08; source filename/title says 2024.
BV-ASI-0054,"Fort St. Angelo, Kannur",asi_monuments_clean.csv,Processed ASI monument visitor table,Not Available,Not Available,Processed CSV,Not Available,UNVERIFIED,domestic_visitors; international_visitors; visitor_count; circle; 2019-20 and 2020-21 visitor measures,Exact normalized destination-name join,File has no source or URL field; 'ASI' in filename alone is not proof of official provenance.
BV-ASI-0054,"Fort St. Angelo, Kannur",bharatverse_monuments.csv,BharatVerse processed monument enrichment,Not Available,Not Available,Processed CSV,Not Available,UNVERIFIED,city; state; latitude; longitude; heritage_category; tourism_popularity,Exact normalized destination-name join,Coordinates and categories are retained as supplied but need independent source verification.
BV-ASI-0055,Fort Vattakottai,CPM List 2024_(3698).pdf,Archaeological Survey of India - Centrally Protected Monuments/Sites list,Not Available,2024,Official government PDF,3,OFFICIAL,destination_type; official-list presence,No exact normalized name match,PDF metadata creation date is 2025-04-08; source filename/title says 2024.
BV-ASI-0055,Fort Vattakottai,asi_monuments_clean.csv,Processed ASI monument visitor table,Not Available,Not Available,Processed CSV,Not Available,UNVERIFIED,domestic_visitors; international_visitors; visitor_count; circle; 2019-20 and 2020-21 visitor measures,Exact normalized destination-name join,File has no source or URL field; 'ASI' in filename alone is not proof of official provenance.
BV-ASI-0055,Fort Vattakottai,bharatverse_monuments.csv,BharatVerse processed monument enrichment,Not Available,Not Available,Processed CSV,Not Available,UNVERIFIED,city; state; latitude; longitude; heritage_category; tourism_popularity,Exact normalized destination-name join,Coordinates and categories are retained as supplied but need independent source verification.
BV-ASI-0056,Gawilgarh Fort,CPM List 2024_(3698).pdf,Archaeological Survey of India - Centrally Protected Monuments/Sites list,Not Available,2024,Official government PDF,3,OFFICIAL,destination_type; official-list presence,Exact normalized name match on PDF page 64,PDF metadata creation date is 2025-04-08; source filename/title says 2024.
BV-ASI-0056,Gawilgarh Fort,asi_monuments_clean.csv,Processed ASI monument visitor table,Not Available,Not Available,Processed CSV,Not Available,UNVERIFIED,domestic_visitors; international_visitors; visitor_count; circle; 2019-20 and 2020-21 visitor measures,Exact normalized destination-name join,File has no source or URL field; 'ASI' in filename alone is not proof of official provenance.
BV-ASI-0056,Gawilgarh Fort,bharatverse_monuments.csv,BharatVerse processed monument enrichment,Not Available,Not Available,Processed CSV,Not Available,UNVERIFIED,city; state; latitude; longitude; heritage_category; tourism_popularity,Exact normalized destination-name join,Coordinates and categories are retained as supplied but need independent source verification.
BV-ASI-0057,"Gingee Fort , Gingee",CPM List 2024_(3698).pdf,Archaeological Survey of India - Centrally Protected Monuments/Sites list,Not Available,2024,Official government PDF,3,OFFICIAL,destination_type; official-list presence,No exact normalized name match,PDF metadata creation date is 2025-04-08; source filename/title says 2024.
BV-ASI-0057,"Gingee Fort , Gingee",asi_monuments_clean.csv,Processed ASI monument visitor table,Not Available,Not Available,Processed CSV,Not Available,UNVERIFIED,domestic_visitors; international_visitors; visitor_count; circle; 2019-20 and 2020-21 visitor measures,Exact normalized destination-name join,File has no source or URL field; 'ASI' in filename alone is not proof of official provenance.
BV-ASI-0057,"Gingee Fort , Gingee",bharatverse_monuments.csv,BharatVerse processed monument enrichment,Not Available,Not Available,Processed CSV,Not Available,UNVERIFIED,city; state; latitude; longitude; heritage_category; tourism_popularity,Exact normalized destination-name join,Coordinates and categories are retained as supplied but need independent source verification.
BV-ASI-0058,Golconda,CPM List 2024_(3698).pdf,Archaeological Survey of India - Centrally Protected Monuments/Sites list,Not Available,2024,Official government PDF,3,OFFICIAL,destination_type; official-list presence,No exact normalized name match,PDF metadata creation date is 2025-04-08; source filename/title says 2024.
BV-ASI-0058,Golconda,asi_monuments_clean.csv,Processed ASI monument visitor table,Not Available,Not Available,Processed CSV,Not Available,UNVERIFIED,domestic_visitors; international_visitors; visitor_count; circle; 2019-20 and 2020-21 visitor measures,Exact normalized destination-name join,File has no source or URL field; 'ASI' in filename alone is not proof of official provenance.
BV-ASI-0058,Golconda,bharatverse_monuments.csv,BharatVerse processed monument enrichment,Not Available,Not Available,Processed CSV,Not Available,UNVERIFIED,city; state; latitude; longitude; heritage_category; tourism_popularity,Exact normalized destination-name join,Coordinates and categories are retained as supplied but need independent source verification.
BV-ASI-0059,"Gol Gumbaz, Vijayapura",CPM List 2024_(3698).pdf,Archaeological Survey of India - Centrally Protected Monuments/Sites list,Not Available,2024,Official government PDF,3,OFFICIAL,destination_type; official-list presence,Exact normalized name match on PDF page 43,PDF metadata creation date is 2025-04-08; source filename/title says 2024.
BV-ASI-0059,"Gol Gumbaz, Vijayapura",asi_monuments_clean.csv,Processed ASI monument visitor table,Not Available,Not Available,Processed CSV,Not Available,UNVERIFIED,domestic_visitors; international_visitors; visitor_count; circle; 2019-20 and 2020-21 visitor measures,Exact normalized destination-name join,File has no source or URL field; 'ASI' in filename alone is not proof of official provenance.
BV-ASI-0059,"Gol Gumbaz, Vijayapura",bharatverse_monuments.csv,BharatVerse processed monument enrichment,Not Available,Not Available,Processed CSV,Not Available,UNVERIFIED,city; state; latitude; longitude; heritage_category; tourism_popularity,Exact normalized destination-name join,Coordinates and categories are retained as supplied but need independent source verification.
BV-ASI-0060,"Group of four MaidansCharaideo, Sibasagar",CPM List 2024_(3698).pdf,Archaeological Survey of India - Centrally Protected Monuments/Sites list,Not Available,2024,Official government PDF,3,OFFICIAL,destination_type; official-list presence,No exact normalized name match,PDF metadata creation date is 2025-04-08; source filename/title says 2024.
BV-ASI-0060,"Group of four MaidansCharaideo, Sibasagar",asi_monuments_clean.csv,Processed ASI monument visitor table,Not Available,Not Available,Processed CSV,Not Available,UNVERIFIED,domestic_visitors; international_visitors; visitor_count; circle; 2019-20 and 2020-21 visitor measures,Exact normalized destination-name join,File has no source or URL field; 'ASI' in filename alone is not proof of official provenance.
BV-ASI-0060,"Group of four MaidansCharaideo, Sibasagar",bharatverse_monuments.csv,BharatVerse processed monument enrichment,Not Available,Not Available,Processed CSV,Not Available,UNVERIFIED,city; state; latitude; longitude; heritage_category; tourism_popularity,Exact normalized destination-name join,Coordinates and categories are retained as supplied but need independent source verification.
BV-ASI-0061,"Group of monument, Royal Palace Mandu",CPM List 2024_(3698).pdf,Archaeological Survey of India - Centrally Protected Monuments/Sites list,Not Available,2024,Official government PDF,3,OFFICIAL,destination_type; official-list presence,No exact normalized name match,PDF metadata creation date is 2025-04-08; source filename/title says 2024.
BV-ASI-0061,"Group of monument, Royal Palace Mandu",asi_monuments_clean.csv,Processed ASI monument visitor table,Not Available,Not Available,Processed CSV,Not Available,UNVERIFIED,domestic_visitors; international_visitors; visitor_count; circle; 2019-20 and 2020-21 visitor measures,Exact normalized destination-name join,File has no source or URL field; 'ASI' in filename alone is not proof of official provenance.
BV-ASI-0061,"Group of monument, Royal Palace Mandu",bharatverse_monuments.csv,BharatVerse processed monument enrichment,Not Available,Not Available,Processed CSV,Not Available,UNVERIFIED,city; state; latitude; longitude; heritage_category; tourism_popularity,Exact normalized destination-name join,Coordinates and categories are retained as supplied but need independent source verification.
BV-ASI-0062,"Group of Monuments, Hampi",CPM List 2024_(3698).pdf,Archaeological Survey of India - Centrally Protected Monuments/Sites list,Not Available,2024,Official government PDF,3,OFFICIAL,destination_type; official-list presence,No exact normalized name match,PDF metadata creation date is 2025-04-08; source filename/title says 2024.
BV-ASI-0062,"Group of Monuments, Hampi",asi_monuments_clean.csv,Processed ASI monument visitor table,Not Available,Not Available,Processed CSV,Not Available,UNVERIFIED,domestic_visitors; international_visitors; visitor_count; circle; 2019-20 and 2020-21 visitor measures,Exact normalized destination-name join,File has no source or URL field; 'ASI' in filename alone is not proof of official provenance.
BV-ASI-0062,"Group of Monuments, Hampi",bharatverse_monuments.csv,BharatVerse processed monument enrichment,Not Available,Not Available,Processed CSV,Not Available,UNVERIFIED,city; state; latitude; longitude; heritage_category; tourism_popularity,Exact normalized destination-name join,Coordinates and categories are retained as supplied but need independent source verification.
BV-ASI-0063,Group of Monuments Mamallapuram,CPM List 2024_(3698).pdf,Archaeological Survey of India - Centrally Protected Monuments/Sites list,Not Available,2024,Official government PDF,3,OFFICIAL,destination_type; official-list presence,No exact normalized name match,PDF metadata creation date is 2025-04-08; source filename/title says 2024.
BV-ASI-0063,Group of Monuments Mamallapuram,asi_monuments_clean.csv,Processed ASI monument visitor table,Not Available,Not Available,Processed CSV,Not Available,UNVERIFIED,domestic_visitors; international_visitors; visitor_count; circle; 2019-20 and 2020-21 visitor measures,Exact normalized destination-name join,File has no source or URL field; 'ASI' in filename alone is not proof of official provenance.
BV-ASI-0063,Group of Monuments Mamallapuram,bharatverse_monuments.csv,BharatVerse processed monument enrichment,Not Available,Not Available,Processed CSV,Not Available,UNVERIFIED,city; state; latitude; longitude; heritage_category; tourism_popularity,Exact normalized destination-name join,Coordinates and categories are retained as supplied but need independent source verification.
BV-ASI-0064,Group of Monuments (WH) Pattadakal,CPM List 2024_(3698).pdf,Archaeological Survey of India - Centrally Protected Monuments/Sites list,Not Available,2024,Official government PDF,3,OFFICIAL,destination_type; official-list presence,No exact normalized name match,PDF metadata creation date is 2025-04-08; source filename/title says 2024.
BV-ASI-0064,Group of Monuments (WH) Pattadakal,asi_monuments_clean.csv,Processed ASI monument visitor table,Not Available,Not Available,Processed CSV,Not Available,UNVERIFIED,domestic_visitors; international_visitors; visitor_count; circle; 2019-20 and 2020-21 visitor measures,Exact normalized destination-name join,File has no source or URL field; 'ASI' in filename alone is not proof of official provenance.
BV-ASI-0064,Group of Monuments (WH) Pattadakal,bharatverse_monuments.csv,BharatVerse processed monument enrichment,Not Available,Not Available,Processed CSV,Not Available,UNVERIFIED,city; state; latitude; longitude; heritage_category; tourism_popularity,Exact normalized destination-name join,Coordinates and categories are retained as supplied but need independent source verification.
BV-ASI-0065,"Group of Temple Parameshvar shiv and Karan Temple, Amarkantak",CPM List 2024_(3698).pdf,Archaeological Survey of India - Centrally Protected Monuments/Sites list,Not Available,2024,Official government PDF,3,OFFICIAL,destination_type; official-list presence,No exact normalized name match,PDF metadata creation date is 2025-04-08; source filename/title says 2024.
BV-ASI-0065,"Group of Temple Parameshvar shiv and Karan Temple, Amarkantak",asi_monuments_clean.csv,Processed ASI monument visitor table,Not Available,Not Available,Processed CSV,Not Available,UNVERIFIED,domestic_visitors; international_visitors; visitor_count; circle; 2019-20 and 2020-21 visitor measures,Exact normalized destination-name join,File has no source or URL field; 'ASI' in filename alone is not proof of official provenance.
BV-ASI-0065,"Group of Temple Parameshvar shiv and Karan Temple, Amarkantak",bharatverse_monuments.csv,BharatVerse processed monument enrichment,Not Available,Not Available,Processed CSV,Not Available,UNVERIFIED,city; state; latitude; longitude; heritage_category; tourism_popularity,Exact normalized destination-name join,Coordinates and categories are retained as supplied but need independent source verification.
BV-ASI-0066,"Group of Temples at kiramchi, District Udhampur",CPM List 2024_(3698).pdf,Archaeological Survey of India - Centrally Protected Monuments/Sites list,Not Available,2024,Official government PDF,3,OFFICIAL,destination_type; official-list presence,No exact normalized name match,PDF metadata creation date is 2025-04-08; source filename/title says 2024.
BV-ASI-0066,"Group of Temples at kiramchi, District Udhampur",asi_monuments_clean.csv,Processed ASI monument visitor table,Not Available,Not Available,Processed CSV,Not Available,UNVERIFIED,domestic_visitors; international_visitors; visitor_count; circle; 2019-20 and 2020-21 visitor measures,Exact normalized destination-name join,File has no source or URL field; 'ASI' in filename alone is not proof of official provenance.
BV-ASI-0066,"Group of Temples at kiramchi, District Udhampur",bharatverse_monuments.csv,BharatVerse processed monument enrichment,Not Available,Not Available,Processed CSV,Not Available,UNVERIFIED,city; state; latitude; longitude; heritage_category; tourism_popularity,Exact normalized destination-name join,Coordinates and categories are retained as supplied but need independent source verification.
BV-ASI-0067,"Gupta Temple & Varah Temple, Deogarh",CPM List 2024_(3698).pdf,Archaeological Survey of India - Centrally Protected Monuments/Sites list,Not Available,2024,Official government PDF,3,OFFICIAL,destination_type; official-list presence,No exact normalized name match,PDF metadata creation date is 2025-04-08; source filename/title says 2024.
BV-ASI-0067,"Gupta Temple & Varah Temple, Deogarh",asi_monuments_clean.csv,Processed ASI monument visitor table,Not Available,Not Available,Processed CSV,Not Available,UNVERIFIED,domestic_visitors; international_visitors; visitor_count; circle; 2019-20 and 2020-21 visitor measures,Exact normalized destination-name join,File has no source or URL field; 'ASI' in filename alone is not proof of official provenance.
BV-ASI-0067,"Gupta Temple & Varah Temple, Deogarh",bharatverse_monuments.csv,BharatVerse processed monument enrichment,Not Available,Not Available,Processed CSV,Not Available,UNVERIFIED,city; state; latitude; longitude; heritage_category; tourism_popularity,Exact normalized destination-name join,Coordinates and categories are retained as supplied but need independent source verification.
BV-ASI-0068,Gwalior Fort,CPM List 2024_(3698).pdf,Archaeological Survey of India - Centrally Protected Monuments/Sites list,Not Available,2024,Official government PDF,3,OFFICIAL,destination_type; official-list presence,Exact normalized name match on PDF page 52,PDF metadata creation date is 2025-04-08; source filename/title says 2024.
BV-ASI-0068,Gwalior Fort,asi_monuments_clean.csv,Processed ASI monument visitor table,Not Available,Not Available,Processed CSV,Not Available,UNVERIFIED,domestic_visitors; international_visitors; visitor_count; circle; 2019-20 and 2020-21 visitor measures,Exact normalized destination-name join,File has no source or URL field; 'ASI' in filename alone is not proof of official provenance.
BV-ASI-0068,Gwalior Fort,bharatverse_monuments.csv,BharatVerse processed monument enrichment,Not Available,Not Available,Processed CSV,Not Available,UNVERIFIED,city; state; latitude; longitude; heritage_category; tourism_popularity,Exact normalized destination-name join,Coordinates and categories are retained as supplied but need independent source verification.
BV-ASI-0069,Hauzkhas,CPM List 2024_(3698).pdf,Archaeological Survey of India - Centrally Protected Monuments/Sites list,Not Available,2024,Official government PDF,3,OFFICIAL,destination_type; official-list presence,Exact normalized name match on PDF page 74,PDF metadata creation date is 2025-04-08; source filename/title says 2024.
BV-ASI-0069,Hauzkhas,asi_monuments_clean.csv,Processed ASI monument visitor table,Not Available,Not Available,Processed CSV,Not Available,UNVERIFIED,domestic_visitors; international_visitors; visitor_count; circle; 2019-20 and 2020-21 visitor measures,Exact normalized destination-name join,File has no source or URL field; 'ASI' in filename alone is not proof of official provenance.
BV-ASI-0069,Hauzkhas,bharatverse_monuments.csv,BharatVerse processed monument enrichment,Not Available,Not Available,Processed CSV,Not Available,UNVERIFIED,city; state; latitude; longitude; heritage_category; tourism_popularity,Exact normalized destination-name join,Coordinates and categories are retained as supplied but need independent source verification.
BV-ASI-0070,Hazarduari Palace,CPM List 2024_(3698).pdf,Archaeological Survey of India - Centrally Protected Monuments/Sites list,Not Available,2024,Official government PDF,3,OFFICIAL,destination_type; official-list presence,Exact normalized name match on PDF page 141,PDF metadata creation date is 2025-04-08; source filename/title says 2024.
BV-ASI-0070,Hazarduari Palace,asi_monuments_clean.csv,Processed ASI monument visitor table,Not Available,Not Available,Processed CSV,Not Available,UNVERIFIED,domestic_visitors; international_visitors; visitor_count; circle; 2019-20 and 2020-21 visitor measures,Exact normalized destination-name join,File has no source or URL field; 'ASI' in filename alone is not proof of official provenance.
BV-ASI-0070,Hazarduari Palace,bharatverse_monuments.csv,BharatVerse processed monument enrichment,Not Available,Not Available,Processed CSV,Not Available,UNVERIFIED,city; state; latitude; longitude; heritage_category; tourism_popularity,Exact normalized destination-name join,Coordinates and categories are retained as supplied but need independent source verification.
BV-ASI-0071,Hoshang Shah's Tomb,CPM List 2024_(3698).pdf,Archaeological Survey of India - Centrally Protected Monuments/Sites list,Not Available,2024,Official government PDF,3,OFFICIAL,destination_type; official-list presence,No exact normalized name match,PDF metadata creation date is 2025-04-08; source filename/title says 2024.
BV-ASI-0071,Hoshang Shah's Tomb,asi_monuments_clean.csv,Processed ASI monument visitor table,Not Available,Not Available,Processed CSV,Not Available,UNVERIFIED,domestic_visitors; international_visitors; visitor_count; circle; 2019-20 and 2020-21 visitor measures,Exact normalized destination-name join,File has no source or URL field; 'ASI' in filename alone is not proof of official provenance.
BV-ASI-0071,Hoshang Shah's Tomb,bharatverse_monuments.csv,BharatVerse processed monument enrichment,Not Available,Not Available,Processed CSV,Not Available,UNVERIFIED,city; state; latitude; longitude; heritage_category; tourism_popularity,Exact normalized destination-name join,Coordinates and categories are retained as supplied but need independent source verification.
BV-ASI-0072,Humayun Tomb,CPM List 2024_(3698).pdf,Archaeological Survey of India - Centrally Protected Monuments/Sites list,Not Available,2024,Official government PDF,3,OFFICIAL,destination_type; official-list presence,No exact normalized name match,PDF metadata creation date is 2025-04-08; source filename/title says 2024.
BV-ASI-0072,Humayun Tomb,asi_monuments_clean.csv,Processed ASI monument visitor table,Not Available,Not Available,Processed CSV,Not Available,UNVERIFIED,domestic_visitors; international_visitors; visitor_count; circle; 2019-20 and 2020-21 visitor measures,Exact normalized destination-name join,File has no source or URL field; 'ASI' in filename alone is not proof of official provenance.
BV-ASI-0072,Humayun Tomb,bharatverse_monuments.csv,BharatVerse processed monument enrichment,Not Available,Not Available,Processed CSV,Not Available,UNVERIFIED,city; state; latitude; longitude; heritage_category; tourism_popularity,Exact normalized destination-name join,Coordinates and categories are retained as supplied but need independent source verification.
BV-ASI-0073,"Ibrahim Rauza, Bijapur",CPM List 2024_(3698).pdf,Archaeological Survey of India - Centrally Protected Monuments/Sites list,Not Available,2024,Official government PDF,3,OFFICIAL,destination_type; official-list presence,No exact normalized name match,PDF metadata creation date is 2025-04-08; source filename/title says 2024.
BV-ASI-0073,"Ibrahim Rauza, Bijapur",asi_monuments_clean.csv,Processed ASI monument visitor table,Not Available,Not Available,Processed CSV,Not Available,UNVERIFIED,domestic_visitors; international_visitors; visitor_count; circle; 2019-20 and 2020-21 visitor measures,Exact normalized destination-name join,File has no source or URL field; 'ASI' in filename alone is not proof of official provenance.
BV-ASI-0073,"Ibrahim Rauza, Bijapur",bharatverse_monuments.csv,BharatVerse processed monument enrichment,Not Available,Not Available,Processed CSV,Not Available,UNVERIFIED,city; state; latitude; longitude; heritage_category; tourism_popularity,Exact normalized destination-name join,Coordinates and categories are retained as supplied but need independent source verification.
BV-ASI-0074,Itimad-ud-Daulah-Tomb,CPM List 2024_(3698).pdf,Archaeological Survey of India - Centrally Protected Monuments/Sites list,Not Available,2024,Official government PDF,3,OFFICIAL,destination_type; official-list presence,No exact normalized name match,PDF metadata creation date is 2025-04-08; source filename/title says 2024.
BV-ASI-0074,Itimad-ud-Daulah-Tomb,asi_monuments_clean.csv,Processed ASI monument visitor table,Not Available,Not Available,Processed CSV,Not Available,UNVERIFIED,domestic_visitors; international_visitors; visitor_count; circle; 2019-20 and 2020-21 visitor measures,Exact normalized destination-name join,File has no source or URL field; 'ASI' in filename alone is not proof of official provenance.
BV-ASI-0074,Itimad-ud-Daulah-Tomb,bharatverse_monuments.csv,BharatVerse processed monument enrichment,Not Available,Not Available,Processed CSV,Not Available,UNVERIFIED,city; state; latitude; longitude; heritage_category; tourism_popularity,Exact normalized destination-name join,Coordinates and categories are retained as supplied but need independent source verification.
BV-ASI-0075,"Jaina & Vaishnava Cave, Badami",CPM List 2024_(3698).pdf,Archaeological Survey of India - Centrally Protected Monuments/Sites list,Not Available,2024,Official government PDF,3,OFFICIAL,destination_type; official-list presence,No exact normalized name match,PDF metadata creation date is 2025-04-08; source filename/title says 2024.
BV-ASI-0075,"Jaina & Vaishnava Cave, Badami",asi_monuments_clean.csv,Processed ASI monument visitor table,Not Available,Not Available,Processed CSV,Not Available,UNVERIFIED,domestic_visitors; international_visitors; visitor_count; circle; 2019-20 and 2020-21 visitor measures,Exact normalized destination-name join,File has no source or URL field; 'ASI' in filename alone is not proof of official provenance.
BV-ASI-0075,"Jaina & Vaishnava Cave, Badami",bharatverse_monuments.csv,BharatVerse processed monument enrichment,Not Available,Not Available,Processed CSV,Not Available,UNVERIFIED,city; state; latitude; longitude; heritage_category; tourism_popularity,Exact normalized destination-name join,Coordinates and categories are retained as supplied but need independent source verification.
BV-ASI-0076,"Janjira Fort, Murd",CPM List 2024_(3698).pdf,Archaeological Survey of India - Centrally Protected Monuments/Sites list,Not Available,2024,Official government PDF,3,OFFICIAL,destination_type; official-list presence,No exact normalized name match,PDF metadata creation date is 2025-04-08; source filename/title says 2024.
BV-ASI-0076,"Janjira Fort, Murd",asi_monuments_clean.csv,Processed ASI monument visitor table,Not Available,Not Available,Processed CSV,Not Available,UNVERIFIED,domestic_visitors; international_visitors; visitor_count; circle; 2019-20 and 2020-21 visitor measures,Exact normalized destination-name join,File has no source or URL field; 'ASI' in filename alone is not proof of official provenance.
BV-ASI-0076,"Janjira Fort, Murd",bharatverse_monuments.csv,BharatVerse processed monument enrichment,Not Available,Not Available,Processed CSV,Not Available,UNVERIFIED,city; state; latitude; longitude; heritage_category; tourism_popularity,Exact normalized destination-name join,Coordinates and categories are retained as supplied but need independent source verification.
BV-ASI-0077,Jantar Mantar,CPM List 2024_(3698).pdf,Archaeological Survey of India - Centrally Protected Monuments/Sites list,Not Available,2024,Official government PDF,3,OFFICIAL,destination_type; official-list presence,Exact normalized name match on PDF page 72,PDF metadata creation date is 2025-04-08; source filename/title says 2024.
BV-ASI-0077,Jantar Mantar,asi_monuments_clean.csv,Processed ASI monument visitor table,Not Available,Not Available,Processed CSV,Not Available,UNVERIFIED,domestic_visitors; international_visitors; visitor_count; circle; 2019-20 and 2020-21 visitor measures,Exact normalized destination-name join,File has no source or URL field; 'ASI' in filename alone is not proof of official provenance.
BV-ASI-0077,Jantar Mantar,bharatverse_monuments.csv,BharatVerse processed monument enrichment,Not Available,Not Available,Processed CSV,Not Available,UNVERIFIED,city; state; latitude; longitude; heritage_category; tourism_popularity,Exact normalized destination-name join,Coordinates and categories are retained as supplied but need independent source verification.
BV-ASI-0078,Kalinjar Fort,CPM List 2024_(3698).pdf,Archaeological Survey of India - Centrally Protected Monuments/Sites list,Not Available,2024,Official government PDF,3,OFFICIAL,destination_type; official-list presence,Exact normalized name match on PDF page 116,PDF metadata creation date is 2025-04-08; source filename/title says 2024.
BV-ASI-0078,Kalinjar Fort,asi_monuments_clean.csv,Processed ASI monument visitor table,Not Available,Not Available,Processed CSV,Not Available,UNVERIFIED,domestic_visitors; international_visitors; visitor_count; circle; 2019-20 and 2020-21 visitor measures,Exact normalized destination-name join,File has no source or URL field; 'ASI' in filename alone is not proof of official provenance.
BV-ASI-0078,Kalinjar Fort,bharatverse_monuments.csv,BharatVerse processed monument enrichment,Not Available,Not Available,Processed CSV,Not Available,UNVERIFIED,city; state; latitude; longitude; heritage_category; tourism_popularity,Exact normalized destination-name join,Coordinates and categories are retained as supplied but need independent source verification.
BV-ASI-0079,"Kareghar of Ahom Kings, Sibasagar",CPM List 2024_(3698).pdf,Archaeological Survey of India - Centrally Protected Monuments/Sites list,Not Available,2024,Official government PDF,3,OFFICIAL,destination_type; official-list presence,No exact normalized name match,PDF metadata creation date is 2025-04-08; source filename/title says 2024.
BV-ASI-0079,"Kareghar of Ahom Kings, Sibasagar",asi_monuments_clean.csv,Processed ASI monument visitor table,Not Available,Not Available,Processed CSV,Not Available,UNVERIFIED,domestic_visitors; international_visitors; visitor_count; circle; 2019-20 and 2020-21 visitor measures,Exact normalized destination-name join,File has no source or URL field; 'ASI' in filename alone is not proof of official provenance.
BV-ASI-0079,"Kareghar of Ahom Kings, Sibasagar",bharatverse_monuments.csv,BharatVerse processed monument enrichment,Not Available,Not Available,Processed CSV,Not Available,UNVERIFIED,city; state; latitude; longitude; heritage_category; tourism_popularity,Exact normalized destination-name join,Coordinates and categories are retained as supplied but need independent source verification.
BV-ASI-0080,Keshava Temple,CPM List 2024_(3698).pdf,Archaeological Survey of India - Centrally Protected Monuments/Sites list,Not Available,2024,Official government PDF,3,OFFICIAL,destination_type; official-list presence,No exact normalized name match,PDF metadata creation date is 2025-04-08; source filename/title says 2024.
BV-ASI-0080,Keshava Temple,asi_monuments_clean.csv,Processed ASI monument visitor table,Not Available,Not Available,Processed CSV,Not Available,UNVERIFIED,domestic_visitors; international_visitors; visitor_count; circle; 2019-20 and 2020-21 visitor measures,Exact normalized destination-name join,File has no source or URL field; 'ASI' in filename alone is not proof of official provenance.
BV-ASI-0080,Keshava Temple,bharatverse_monuments.csv,BharatVerse processed monument enrichment,Not Available,Not Available,Processed CSV,Not Available,UNVERIFIED,city; state; latitude; longitude; heritage_category; tourism_popularity,Exact normalized destination-name join,Coordinates and categories are retained as supplied but need independent source verification.
BV-ASI-0081,Khan-I-Khana,CPM List 2024_(3698).pdf,Archaeological Survey of India - Centrally Protected Monuments/Sites list,Not Available,2024,Official government PDF,3,OFFICIAL,destination_type; official-list presence,Exact normalized name match on PDF page 77,PDF metadata creation date is 2025-04-08; source filename/title says 2024.
BV-ASI-0081,Khan-I-Khana,asi_monuments_clean.csv,Processed ASI monument visitor table,Not Available,Not Available,Processed CSV,Not Available,UNVERIFIED,domestic_visitors; international_visitors; visitor_count; circle; 2019-20 and 2020-21 visitor measures,Exact normalized destination-name join,File has no source or URL field; 'ASI' in filename alone is not proof of official provenance.
BV-ASI-0081,Khan-I-Khana,bharatverse_monuments.csv,BharatVerse processed monument enrichment,Not Available,Not Available,Processed CSV,Not Available,UNVERIFIED,city; state; latitude; longitude; heritage_category; tourism_popularity,Exact normalized destination-name join,Coordinates and categories are retained as supplied but need independent source verification.
BV-ASI-0082,"Kolaba Fort, Alibag",CPM List 2024_(3698).pdf,Archaeological Survey of India - Centrally Protected Monuments/Sites list,Not Available,2024,Official government PDF,3,OFFICIAL,destination_type; official-list presence,No exact normalized name match,PDF metadata creation date is 2025-04-08; source filename/title says 2024.
BV-ASI-0082,"Kolaba Fort, Alibag",asi_monuments_clean.csv,Processed ASI monument visitor table,Not Available,Not Available,Processed CSV,Not Available,UNVERIFIED,domestic_visitors; international_visitors; visitor_count; circle; 2019-20 and 2020-21 visitor measures,Exact normalized destination-name join,File has no source or URL field; 'ASI' in filename alone is not proof of official provenance.
BV-ASI-0082,"Kolaba Fort, Alibag",bharatverse_monuments.csv,BharatVerse processed monument enrichment,Not Available,Not Available,Processed CSV,Not Available,UNVERIFIED,city; state; latitude; longitude; heritage_category; tourism_popularity,Exact normalized destination-name join,Coordinates and categories are retained as supplied but need independent source verification.
BV-ASI-0083,Kondiote Caves,CPM List 2024_(3698).pdf,Archaeological Survey of India - Centrally Protected Monuments/Sites list,Not Available,2024,Official government PDF,3,OFFICIAL,destination_type; official-list presence,No exact normalized name match,PDF metadata creation date is 2025-04-08; source filename/title says 2024.
BV-ASI-0083,Kondiote Caves,asi_monuments_clean.csv,Processed ASI monument visitor table,Not Available,Not Available,Processed CSV,Not Available,UNVERIFIED,domestic_visitors; international_visitors; visitor_count; circle; 2019-20 and 2020-21 visitor measures,Exact normalized destination-name join,File has no source or URL field; 'ASI' in filename alone is not proof of official provenance.
BV-ASI-0083,Kondiote Caves,bharatverse_monuments.csv,BharatVerse processed monument enrichment,Not Available,Not Available,Processed CSV,Not Available,UNVERIFIED,city; state; latitude; longitude; heritage_category; tourism_popularity,Exact normalized destination-name join,Coordinates and categories are retained as supplied but need independent source verification.
BV-ASI-0084,Kotla Feroz Shah,CPM List 2024_(3698).pdf,Archaeological Survey of India - Centrally Protected Monuments/Sites list,Not Available,2024,Official government PDF,3,OFFICIAL,destination_type; official-list presence,No exact normalized name match,PDF metadata creation date is 2025-04-08; source filename/title says 2024.
BV-ASI-0084,Kotla Feroz Shah,asi_monuments_clean.csv,Processed ASI monument visitor table,Not Available,Not Available,Processed CSV,Not Available,UNVERIFIED,domestic_visitors; international_visitors; visitor_count; circle; 2019-20 and 2020-21 visitor measures,Exact normalized destination-name join,File has no source or URL field; 'ASI' in filename alone is not proof of official provenance.
BV-ASI-0084,Kotla Feroz Shah,bharatverse_monuments.csv,BharatVerse processed monument enrichment,Not Available,Not Available,Processed CSV,Not Available,UNVERIFIED,city; state; latitude; longitude; heritage_category; tourism_popularity,Exact normalized destination-name join,Coordinates and categories are retained as supplied but need independent source verification.
BV-ASI-0085,Kumbhalgarh Fort,CPM List 2024_(3698).pdf,Archaeological Survey of India - Centrally Protected Monuments/Sites list,Not Available,2024,Official government PDF,3,OFFICIAL,destination_type; official-list presence,No exact normalized name match,PDF metadata creation date is 2025-04-08; source filename/title says 2024.
BV-ASI-0085,Kumbhalgarh Fort,asi_monuments_clean.csv,Processed ASI monument visitor table,Not Available,Not Available,Processed CSV,Not Available,UNVERIFIED,domestic_visitors; international_visitors; visitor_count; circle; 2019-20 and 2020-21 visitor measures,Exact normalized destination-name join,File has no source or URL field; 'ASI' in filename alone is not proof of official provenance.
BV-ASI-0085,Kumbhalgarh Fort,bharatverse_monuments.csv,BharatVerse processed monument enrichment,Not Available,Not Available,Processed CSV,Not Available,UNVERIFIED,city; state; latitude; longitude; heritage_category; tourism_popularity,Exact normalized destination-name join,Coordinates and categories are retained as supplied but need independent source verification.
BV-ASI-0086,Lohgad Fort,CPM List 2024_(3698).pdf,Archaeological Survey of India - Centrally Protected Monuments/Sites list,Not Available,2024,Official government PDF,3,OFFICIAL,destination_type; official-list presence,No exact normalized name match,PDF metadata creation date is 2025-04-08; source filename/title says 2024.
BV-ASI-0086,Lohgad Fort,asi_monuments_clean.csv,Processed ASI monument visitor table,Not Available,Not Available,Processed CSV,Not Available,UNVERIFIED,domestic_visitors; international_visitors; visitor_count; circle; 2019-20 and 2020-21 visitor measures,Exact normalized destination-name join,File has no source or URL field; 'ASI' in filename alone is not proof of official provenance.
BV-ASI-0086,Lohgad Fort,bharatverse_monuments.csv,BharatVerse processed monument enrichment,Not Available,Not Available,Processed CSV,Not Available,UNVERIFIED,city; state; latitude; longitude; heritage_category; tourism_popularity,Exact normalized destination-name join,Coordinates and categories are retained as supplied but need independent source verification.
BV-ASI-0087,Lord Cornwallis Tomb,CPM List 2024_(3698).pdf,Archaeological Survey of India - Centrally Protected Monuments/Sites list,Not Available,2024,Official government PDF,3,OFFICIAL,destination_type; official-list presence,Exact normalized name match on PDF page 131,PDF metadata creation date is 2025-04-08; source filename/title says 2024.
BV-ASI-0087,Lord Cornwallis Tomb,asi_monuments_clean.csv,Processed ASI monument visitor table,Not Available,Not Available,Processed CSV,Not Available,UNVERIFIED,domestic_visitors; international_visitors; visitor_count; circle; 2019-20 and 2020-21 visitor measures,Exact normalized destination-name join,File has no source or URL field; 'ASI' in filename alone is not proof of official provenance.
BV-ASI-0087,Lord Cornwallis Tomb,bharatverse_monuments.csv,BharatVerse processed monument enrichment,Not Available,Not Available,Processed CSV,Not Available,UNVERIFIED,city; state; latitude; longitude; heritage_category; tourism_popularity,Exact normalized destination-name join,Coordinates and categories are retained as supplied but need independent source verification.
BV-ASI-0088,Marble Pavillion and balustrade on the Ana Sagar bund and ruins of the marble Hammam Behind the Ana sagar Bund,CPM List 2024_(3698).pdf,Archaeological Survey of India - Centrally Protected Monuments/Sites list,Not Available,2024,Official government PDF,3,OFFICIAL,destination_type; official-list presence,No exact normalized name match,PDF metadata creation date is 2025-04-08; source filename/title says 2024.
BV-ASI-0088,Marble Pavillion and balustrade on the Ana Sagar bund and ruins of the marble Hammam Behind the Ana sagar Bund,asi_monuments_clean.csv,Processed ASI monument visitor table,Not Available,Not Available,Processed CSV,Not Available,UNVERIFIED,domestic_visitors; international_visitors; visitor_count; circle; 2019-20 and 2020-21 visitor measures,Exact normalized destination-name join,File has no source or URL field; 'ASI' in filename alone is not proof of official provenance.
BV-ASI-0088,Marble Pavillion and balustrade on the Ana Sagar bund and ruins of the marble Hammam Behind the Ana sagar Bund,bharatverse_monuments.csv,BharatVerse processed monument enrichment,Not Available,Not Available,Processed CSV,Not Available,UNVERIFIED,city; state; latitude; longitude; heritage_category; tourism_popularity,Exact normalized destination-name join,Coordinates and categories are retained as supplied but need independent source verification.
BV-ASI-0089,Mariam tomb Sikandra,CPM List 2024_(3698).pdf,Archaeological Survey of India - Centrally Protected Monuments/Sites list,Not Available,2024,Official government PDF,3,OFFICIAL,destination_type; official-list presence,No exact normalized name match,PDF metadata creation date is 2025-04-08; source filename/title says 2024.
BV-ASI-0089,Mariam tomb Sikandra,asi_monuments_clean.csv,Processed ASI monument visitor table,Not Available,Not Available,Processed CSV,Not Available,UNVERIFIED,domestic_visitors; international_visitors; visitor_count; circle; 2019-20 and 2020-21 visitor measures,Exact normalized destination-name join,File has no source or URL field; 'ASI' in filename alone is not proof of official provenance.
BV-ASI-0089,Mariam tomb Sikandra,bharatverse_monuments.csv,BharatVerse processed monument enrichment,Not Available,Not Available,Processed CSV,Not Available,UNVERIFIED,city; state; latitude; longitude; heritage_category; tourism_popularity,Exact normalized destination-name join,Coordinates and categories are retained as supplied but need independent source verification.
BV-ASI-0090,mattancherry Palace Museum Kochi,CPM List 2024_(3698).pdf,Archaeological Survey of India - Centrally Protected Monuments/Sites list,Not Available,2024,Official government PDF,3,OFFICIAL,destination_type; official-list presence,No exact normalized name match,PDF metadata creation date is 2025-04-08; source filename/title says 2024.
BV-ASI-0090,mattancherry Palace Museum Kochi,asi_monuments_clean.csv,Processed ASI monument visitor table,Not Available,Not Available,Processed CSV,Not Available,UNVERIFIED,domestic_visitors; international_visitors; visitor_count; circle; 2019-20 and 2020-21 visitor measures,Exact normalized destination-name join,File has no source or URL field; 'ASI' in filename alone is not proof of official provenance.
BV-ASI-0090,mattancherry Palace Museum Kochi,bharatverse_monuments.csv,BharatVerse processed monument enrichment,Not Available,Not Available,Processed CSV,Not Available,UNVERIFIED,city; state; latitude; longitude; heritage_category; tourism_popularity,Exact normalized destination-name join,Coordinates and categories are retained as supplied but need independent source verification.
BV-ASI-0091,Mausoleum,CPM List 2024_(3698).pdf,Archaeological Survey of India - Centrally Protected Monuments/Sites list,Not Available,2024,Official government PDF,3,OFFICIAL,destination_type; official-list presence,Exact normalized name match on PDF page 7,PDF metadata creation date is 2025-04-08; source filename/title says 2024.
BV-ASI-0091,Mausoleum,asi_monuments_clean.csv,Processed ASI monument visitor table,Not Available,Not Available,Processed CSV,Not Available,UNVERIFIED,domestic_visitors; international_visitors; visitor_count; circle; 2019-20 and 2020-21 visitor measures,Exact normalized destination-name join,File has no source or URL field; 'ASI' in filename alone is not proof of official provenance.
BV-ASI-0091,Mausoleum,bharatverse_monuments.csv,BharatVerse processed monument enrichment,Not Available,Not Available,Processed CSV,Not Available,UNVERIFIED,city; state; latitude; longitude; heritage_category; tourism_popularity,Exact normalized destination-name join,Coordinates and categories are retained as supplied but need independent source verification.
BV-ASI-0092,Mehtab Bagh,CPM List 2024_(3698).pdf,Archaeological Survey of India - Centrally Protected Monuments/Sites list,Not Available,2024,Official government PDF,3,OFFICIAL,destination_type; official-list presence,Exact normalized name match on PDF page 109,PDF metadata creation date is 2025-04-08; source filename/title says 2024.
BV-ASI-0092,Mehtab Bagh,asi_monuments_clean.csv,Processed ASI monument visitor table,Not Available,Not Available,Processed CSV,Not Available,UNVERIFIED,domestic_visitors; international_visitors; visitor_count; circle; 2019-20 and 2020-21 visitor measures,Exact normalized destination-name join,File has no source or URL field; 'ASI' in filename alone is not proof of official provenance.
BV-ASI-0092,Mehtab Bagh,bharatverse_monuments.csv,BharatVerse processed monument enrichment,Not Available,Not Available,Processed CSV,Not Available,UNVERIFIED,city; state; latitude; longitude; heritage_category; tourism_popularity,Exact normalized destination-name join,Coordinates and categories are retained as supplied but need independent source verification.
BV-ASI-0093,Metcelf-Hall,CPM List 2024_(3698).pdf,Archaeological Survey of India - Centrally Protected Monuments/Sites list,Not Available,2024,Official government PDF,3,OFFICIAL,destination_type; official-list presence,No exact normalized name match,PDF metadata creation date is 2025-04-08; source filename/title says 2024.
BV-ASI-0093,Metcelf-Hall,asi_monuments_clean.csv,Processed ASI monument visitor table,Not Available,Not Available,Processed CSV,Not Available,UNVERIFIED,domestic_visitors; international_visitors; visitor_count; circle; 2019-20 and 2020-21 visitor measures,Exact normalized destination-name join,File has no source or URL field; 'ASI' in filename alone is not proof of official provenance.
BV-ASI-0093,Metcelf-Hall,bharatverse_monuments.csv,BharatVerse processed monument enrichment,Not Available,Not Available,Processed CSV,Not Available,UNVERIFIED,city; state; latitude; longitude; heritage_category; tourism_popularity,Exact normalized destination-name join,Coordinates and categories are retained as supplied but need independent source verification.
BV-ASI-0094,"Moovarkoil, Kodumbalur",CPM List 2024_(3698).pdf,Archaeological Survey of India - Centrally Protected Monuments/Sites list,Not Available,2024,Official government PDF,3,OFFICIAL,destination_type; official-list presence,No exact normalized name match,PDF metadata creation date is 2025-04-08; source filename/title says 2024.
BV-ASI-0094,"Moovarkoil, Kodumbalur",asi_monuments_clean.csv,Processed ASI monument visitor table,Not Available,Not Available,Processed CSV,Not Available,UNVERIFIED,domestic_visitors; international_visitors; visitor_count; circle; 2019-20 and 2020-21 visitor measures,Exact normalized destination-name join,File has no source or URL field; 'ASI' in filename alone is not proof of official provenance.
BV-ASI-0094,"Moovarkoil, Kodumbalur",bharatverse_monuments.csv,BharatVerse processed monument enrichment,Not Available,Not Available,Processed CSV,Not Available,UNVERIFIED,city; state; latitude; longitude; heritage_category; tourism_popularity,Exact normalized destination-name join,Coordinates and categories are retained as supplied but need independent source verification.
BV-ASI-0095,Nagarjuna Kunda,CPM List 2024_(3698).pdf,Archaeological Survey of India - Centrally Protected Monuments/Sites list,Not Available,2024,Official government PDF,3,OFFICIAL,destination_type; official-list presence,No exact normalized name match,PDF metadata creation date is 2025-04-08; source filename/title says 2024.
BV-ASI-0095,Nagarjuna Kunda,asi_monuments_clean.csv,Processed ASI monument visitor table,Not Available,Not Available,Processed CSV,Not Available,UNVERIFIED,domestic_visitors; international_visitors; visitor_count; circle; 2019-20 and 2020-21 visitor measures,Exact normalized destination-name join,File has no source or URL field; 'ASI' in filename alone is not proof of official provenance.
BV-ASI-0095,Nagarjuna Kunda,bharatverse_monuments.csv,BharatVerse processed monument enrichment,Not Available,Not Available,Processed CSV,Not Available,UNVERIFIED,city; state; latitude; longitude; heritage_category; tourism_popularity,Exact normalized destination-name join,Coordinates and categories are retained as supplied but need independent source verification.
BV-ASI-0096,"Natural Caven with inscription eladipattam, Sittannavasal",CPM List 2024_(3698).pdf,Archaeological Survey of India - Centrally Protected Monuments/Sites list,Not Available,2024,Official government PDF,3,OFFICIAL,destination_type; official-list presence,No exact normalized name match,PDF metadata creation date is 2025-04-08; source filename/title says 2024.
BV-ASI-0096,"Natural Caven with inscription eladipattam, Sittannavasal",asi_monuments_clean.csv,Processed ASI monument visitor table,Not Available,Not Available,Processed CSV,Not Available,UNVERIFIED,domestic_visitors; international_visitors; visitor_count; circle; 2019-20 and 2020-21 visitor measures,Exact normalized destination-name join,File has no source or URL field; 'ASI' in filename alone is not proof of official provenance.
BV-ASI-0096,"Natural Caven with inscription eladipattam, Sittannavasal",bharatverse_monuments.csv,BharatVerse processed monument enrichment,Not Available,Not Available,Processed CSV,Not Available,UNVERIFIED,city; state; latitude; longitude; heritage_category; tourism_popularity,Exact normalized destination-name join,Coordinates and categories are retained as supplied but need independent source verification.
BV-ASI-0097,Observatory of Man Singh,CPM List 2024_(3698).pdf,Archaeological Survey of India - Centrally Protected Monuments/Sites list,Not Available,2024,Official government PDF,3,OFFICIAL,destination_type; official-list presence,Exact normalized name match on PDF page 134,PDF metadata creation date is 2025-04-08; source filename/title says 2024.
BV-ASI-0097,Observatory of Man Singh,asi_monuments_clean.csv,Processed ASI monument visitor table,Not Available,Not Available,Processed CSV,Not Available,UNVERIFIED,domestic_visitors; international_visitors; visitor_count; circle; 2019-20 and 2020-21 visitor measures,Exact normalized destination-name join,File has no source or URL field; 'ASI' in filename alone is not proof of official provenance.
BV-ASI-0097,Observatory of Man Singh,bharatverse_monuments.csv,BharatVerse processed monument enrichment,Not Available,Not Available,Processed CSV,Not Available,UNVERIFIED,city; state; latitude; longitude; heritage_category; tourism_popularity,Exact normalized destination-name join,Coordinates and categories are retained as supplied but need independent source verification.
BV-ASI-0098,"Old Fort (Shahi Fort), Jaunpur",CPM List 2024_(3698).pdf,Archaeological Survey of India - Centrally Protected Monuments/Sites list,Not Available,2024,Official government PDF,3,OFFICIAL,destination_type; official-list presence,No exact normalized name match,PDF metadata creation date is 2025-04-08; source filename/title says 2024.
BV-ASI-0098,"Old Fort (Shahi Fort), Jaunpur",asi_monuments_clean.csv,Processed ASI monument visitor table,Not Available,Not Available,Processed CSV,Not Available,UNVERIFIED,domestic_visitors; international_visitors; visitor_count; circle; 2019-20 and 2020-21 visitor measures,Exact normalized destination-name join,File has no source or URL field; 'ASI' in filename alone is not proof of official provenance.
BV-ASI-0098,"Old Fort (Shahi Fort), Jaunpur",bharatverse_monuments.csv,BharatVerse processed monument enrichment,Not Available,Not Available,Processed CSV,Not Available,UNVERIFIED,city; state; latitude; longitude; heritage_category; tourism_popularity,Exact normalized destination-name join,Coordinates and categories are retained as supplied but need independent source verification.
BV-ASI-0099,"Old Fort, Sholapur",CPM List 2024_(3698).pdf,Archaeological Survey of India - Centrally Protected Monuments/Sites list,Not Available,2024,Official government PDF,3,OFFICIAL,destination_type; official-list presence,Exact normalized name match on PDF page 63,PDF metadata creation date is 2025-04-08; source filename/title says 2024.
BV-ASI-0099,"Old Fort, Sholapur",asi_monuments_clean.csv,Processed ASI monument visitor table,Not Available,Not Available,Processed CSV,Not Available,UNVERIFIED,domestic_visitors; international_visitors; visitor_count; circle; 2019-20 and 2020-21 visitor measures,Exact normalized destination-name join,File has no source or URL field; 'ASI' in filename alone is not proof of official provenance.
BV-ASI-0099,"Old Fort, Sholapur",bharatverse_monuments.csv,BharatVerse processed monument enrichment,Not Available,Not Available,Processed CSV,Not Available,UNVERIFIED,city; state; latitude; longitude; heritage_category; tourism_popularity,Exact normalized destination-name join,Coordinates and categories are retained as supplied but need independent source verification.
BV-ASI-0100,"Palace Complex at Ramnagar, Distt. Udhampur",CPM List 2024_(3698).pdf,Archaeological Survey of India - Centrally Protected Monuments/Sites list,Not Available,2024,Official government PDF,3,OFFICIAL,destination_type; official-list presence,No exact normalized name match,PDF metadata creation date is 2025-04-08; source filename/title says 2024.
BV-ASI-0100,"Palace Complex at Ramnagar, Distt. Udhampur",asi_monuments_clean.csv,Processed ASI monument visitor table,Not Available,Not Available,Processed CSV,Not Available,UNVERIFIED,domestic_visitors; international_visitors; visitor_count; circle; 2019-20 and 2020-21 visitor measures,Exact normalized destination-name join,File has no source or URL field; 'ASI' in filename alone is not proof of official provenance.
BV-ASI-0100,"Palace Complex at Ramnagar, Distt. Udhampur",bharatverse_monuments.csv,BharatVerse processed monument enrichment,Not Available,Not Available,Processed CSV,Not Available,UNVERIFIED,city; state; latitude; longitude; heritage_category; tourism_popularity,Exact normalized destination-name join,Coordinates and categories are retained as supplied but need independent source verification.
BV-ASI-0101,Palace of Tipu Sultan,CPM List 2024_(3698).pdf,Archaeological Survey of India - Centrally Protected Monuments/Sites list,Not Available,2024,Official government PDF,3,OFFICIAL,destination_type; official-list presence,No exact normalized name match,PDF metadata creation date is 2025-04-08; source filename/title says 2024.
BV-ASI-0101,Palace of Tipu Sultan,asi_monuments_clean.csv,Processed ASI monument visitor table,Not Available,Not Available,Processed CSV,Not Available,UNVERIFIED,domestic_visitors; international_visitors; visitor_count; circle; 2019-20 and 2020-21 visitor measures,Exact normalized destination-name join,File has no source or URL field; 'ASI' in filename alone is not proof of official provenance.
BV-ASI-0101,Palace of Tipu Sultan,bharatverse_monuments.csv,BharatVerse processed monument enrichment,Not Available,Not Available,Processed CSV,Not Available,UNVERIFIED,city; state; latitude; longitude; heritage_category; tourism_popularity,Exact normalized destination-name join,Coordinates and categories are retained as supplied but need independent source verification.
BV-ASI-0102,Pandulena Caves,CPM List 2024_(3698).pdf,Archaeological Survey of India - Centrally Protected Monuments/Sites list,Not Available,2024,Official government PDF,3,OFFICIAL,destination_type; official-list presence,No exact normalized name match,PDF metadata creation date is 2025-04-08; source filename/title says 2024.
BV-ASI-0102,Pandulena Caves,asi_monuments_clean.csv,Processed ASI monument visitor table,Not Available,Not Available,Processed CSV,Not Available,UNVERIFIED,domestic_visitors; international_visitors; visitor_count; circle; 2019-20 and 2020-21 visitor measures,Exact normalized destination-name join,File has no source or URL field; 'ASI' in filename alone is not proof of official provenance.
BV-ASI-0102,Pandulena Caves,bharatverse_monuments.csv,BharatVerse processed monument enrichment,Not Available,Not Available,Processed CSV,Not Available,UNVERIFIED,city; state; latitude; longitude; heritage_category; tourism_popularity,Exact normalized destination-name join,Coordinates and categories are retained as supplied but need independent source verification.
BV-ASI-0103,Piprahwa & Ganwaria,CPM List 2024_(3698).pdf,Archaeological Survey of India - Centrally Protected Monuments/Sites list,Not Available,2024,Official government PDF,3,OFFICIAL,destination_type; official-list presence,No exact normalized name match,PDF metadata creation date is 2025-04-08; source filename/title says 2024.
BV-ASI-0103,Piprahwa & Ganwaria,asi_monuments_clean.csv,Processed ASI monument visitor table,Not Available,Not Available,Processed CSV,Not Available,UNVERIFIED,domestic_visitors; international_visitors; visitor_count; circle; 2019-20 and 2020-21 visitor measures,Exact normalized destination-name join,File has no source or URL field; 'ASI' in filename alone is not proof of official provenance.
BV-ASI-0103,Piprahwa & Ganwaria,bharatverse_monuments.csv,BharatVerse processed monument enrichment,Not Available,Not Available,Processed CSV,Not Available,UNVERIFIED,city; state; latitude; longitude; heritage_category; tourism_popularity,Exact normalized destination-name join,Coordinates and categories are retained as supplied but need independent source verification.
BV-ASI-0104,Purana Qila,CPM List 2024_(3698).pdf,Archaeological Survey of India - Centrally Protected Monuments/Sites list,Not Available,2024,Official government PDF,3,OFFICIAL,destination_type; official-list presence,Exact normalized name match on PDF page 72,PDF metadata creation date is 2025-04-08; source filename/title says 2024.
BV-ASI-0104,Purana Qila,asi_monuments_clean.csv,Processed ASI monument visitor table,Not Available,Not Available,Processed CSV,Not Available,UNVERIFIED,domestic_visitors; international_visitors; visitor_count; circle; 2019-20 and 2020-21 visitor measures,Exact normalized destination-name join,File has no source or URL field; 'ASI' in filename alone is not proof of official provenance.
BV-ASI-0104,Purana Qila,bharatverse_monuments.csv,BharatVerse processed monument enrichment,Not Available,Not Available,Processed CSV,Not Available,UNVERIFIED,city; state; latitude; longitude; heritage_category; tourism_popularity,Exact normalized destination-name join,Coordinates and categories are retained as supplied but need independent source verification.
BV-ASI-0105,Qutub Minar,CPM List 2024_(3698).pdf,Archaeological Survey of India - Centrally Protected Monuments/Sites list,Not Available,2024,Official government PDF,3,OFFICIAL,destination_type; official-list presence,No exact normalized name match,PDF metadata creation date is 2025-04-08; source filename/title says 2024.
BV-ASI-0105,Qutub Minar,asi_monuments_clean.csv,Processed ASI monument visitor table,Not Available,Not Available,Processed CSV,Not Available,UNVERIFIED,domestic_visitors; international_visitors; visitor_count; circle; 2019-20 and 2020-21 visitor measures,Exact normalized destination-name join,File has no source or URL field; 'ASI' in filename alone is not proof of official provenance.
BV-ASI-0105,Qutub Minar,bharatverse_monuments.csv,BharatVerse processed monument enrichment,Not Available,Not Available,Processed CSV,Not Available,UNVERIFIED,city; state; latitude; longitude; heritage_category; tourism_popularity,Exact normalized destination-name join,Coordinates and categories are retained as supplied but need independent source verification.
BV-ASI-0106,Raigad Fort,CPM List 2024_(3698).pdf,Archaeological Survey of India - Centrally Protected Monuments/Sites list,Not Available,2024,Official government PDF,3,OFFICIAL,destination_type; official-list presence,Exact normalized name match on PDF page 62,PDF metadata creation date is 2025-04-08; source filename/title says 2024.
BV-ASI-0106,Raigad Fort,asi_monuments_clean.csv,Processed ASI monument visitor table,Not Available,Not Available,Processed CSV,Not Available,UNVERIFIED,domestic_visitors; international_visitors; visitor_count; circle; 2019-20 and 2020-21 visitor measures,Exact normalized destination-name join,File has no source or URL field; 'ASI' in filename alone is not proof of official provenance.
BV-ASI-0106,Raigad Fort,bharatverse_monuments.csv,BharatVerse processed monument enrichment,Not Available,Not Available,Processed CSV,Not Available,UNVERIFIED,city; state; latitude; longitude; heritage_category; tourism_popularity,Exact normalized destination-name join,Coordinates and categories are retained as supplied but need independent source verification.
BV-ASI-0107,Rajarani Temple,CPM List 2024_(3698).pdf,Archaeological Survey of India - Centrally Protected Monuments/Sites list,Not Available,2024,Official government PDF,3,OFFICIAL,destination_type; official-list presence,Exact normalized name match on PDF page 80,PDF metadata creation date is 2025-04-08; source filename/title says 2024.
BV-ASI-0107,Rajarani Temple,asi_monuments_clean.csv,Processed ASI monument visitor table,Not Available,Not Available,Processed CSV,Not Available,UNVERIFIED,domestic_visitors; international_visitors; visitor_count; circle; 2019-20 and 2020-21 visitor measures,Exact normalized destination-name join,File has no source or URL field; 'ASI' in filename alone is not proof of official provenance.
BV-ASI-0107,Rajarani Temple,bharatverse_monuments.csv,BharatVerse processed monument enrichment,Not Available,Not Available,Processed CSV,Not Available,UNVERIFIED,city; state; latitude; longitude; heritage_category; tourism_popularity,Exact normalized destination-name join,Coordinates and categories are retained as supplied but need independent source verification.
BV-ASI-0108,Ram Bagh,CPM List 2024_(3698).pdf,Archaeological Survey of India - Centrally Protected Monuments/Sites list,Not Available,2024,Official government PDF,3,OFFICIAL,destination_type; official-list presence,Exact normalized name match on PDF page 84,PDF metadata creation date is 2025-04-08; source filename/title says 2024.
BV-ASI-0108,Ram Bagh,asi_monuments_clean.csv,Processed ASI monument visitor table,Not Available,Not Available,Processed CSV,Not Available,UNVERIFIED,domestic_visitors; international_visitors; visitor_count; circle; 2019-20 and 2020-21 visitor measures,Exact normalized destination-name join,File has no source or URL field; 'ASI' in filename alone is not proof of official provenance.
BV-ASI-0108,Ram Bagh,bharatverse_monuments.csv,BharatVerse processed monument enrichment,Not Available,Not Available,Processed CSV,Not Available,UNVERIFIED,city; state; latitude; longitude; heritage_category; tourism_popularity,Exact normalized destination-name join,Coordinates and categories are retained as supplied but need independent source verification.
BV-ASI-0109,"Ranghar Pavillion, Jaisagar",CPM List 2024_(3698).pdf,Archaeological Survey of India - Centrally Protected Monuments/Sites list,Not Available,2024,Official government PDF,3,OFFICIAL,destination_type; official-list presence,No exact normalized name match,PDF metadata creation date is 2025-04-08; source filename/title says 2024.
BV-ASI-0109,"Ranghar Pavillion, Jaisagar",asi_monuments_clean.csv,Processed ASI monument visitor table,Not Available,Not Available,Processed CSV,Not Available,UNVERIFIED,domestic_visitors; international_visitors; visitor_count; circle; 2019-20 and 2020-21 visitor measures,Exact normalized destination-name join,File has no source or URL field; 'ASI' in filename alone is not proof of official provenance.
BV-ASI-0109,"Ranghar Pavillion, Jaisagar",bharatverse_monuments.csv,BharatVerse processed monument enrichment,Not Available,Not Available,Processed CSV,Not Available,UNVERIFIED,city; state; latitude; longitude; heritage_category; tourism_popularity,Exact normalized destination-name join,Coordinates and categories are retained as supplied but need independent source verification.
BV-ASI-0110,Rani Jhansi Fort,CPM List 2024_(3698).pdf,Archaeological Survey of India - Centrally Protected Monuments/Sites list,Not Available,2024,Official government PDF,3,OFFICIAL,destination_type; official-list presence,No exact normalized name match,PDF metadata creation date is 2025-04-08; source filename/title says 2024.
BV-ASI-0110,Rani Jhansi Fort,asi_monuments_clean.csv,Processed ASI monument visitor table,Not Available,Not Available,Processed CSV,Not Available,UNVERIFIED,domestic_visitors; international_visitors; visitor_count; circle; 2019-20 and 2020-21 visitor measures,Exact normalized destination-name join,File has no source or URL field; 'ASI' in filename alone is not proof of official provenance.
BV-ASI-0110,Rani Jhansi Fort,bharatverse_monuments.csv,BharatVerse processed monument enrichment,Not Available,Not Available,Processed CSV,Not Available,UNVERIFIED,city; state; latitude; longitude; heritage_category; tourism_popularity,Exact normalized destination-name join,Coordinates and categories are retained as supplied but need independent source verification.
BV-ASI-0111,"Rani Ki-Vav, Patan",CPM List 2024_(3698).pdf,Archaeological Survey of India - Centrally Protected Monuments/Sites list,Not Available,2024,Official government PDF,3,OFFICIAL,destination_type; official-list presence,No exact normalized name match,PDF metadata creation date is 2025-04-08; source filename/title says 2024.
BV-ASI-0111,"Rani Ki-Vav, Patan",asi_monuments_clean.csv,Processed ASI monument visitor table,Not Available,Not Available,Processed CSV,Not Available,UNVERIFIED,domestic_visitors; international_visitors; visitor_count; circle; 2019-20 and 2020-21 visitor measures,Exact normalized destination-name join,File has no source or URL field; 'ASI' in filename alone is not proof of official provenance.
BV-ASI-0111,"Rani Ki-Vav, Patan",bharatverse_monuments.csv,BharatVerse processed monument enrichment,Not Available,Not Available,Processed CSV,Not Available,UNVERIFIED,city; state; latitude; longitude; heritage_category; tourism_popularity,Exact normalized destination-name join,Coordinates and categories are retained as supplied but need independent source verification.
BV-ASI-0112,Rani Lakshmi Bai Mahal,CPM List 2024_(3698).pdf,Archaeological Survey of India - Centrally Protected Monuments/Sites list,Not Available,2024,Official government PDF,3,OFFICIAL,destination_type; official-list presence,Exact normalized name match on PDF page 118,PDF metadata creation date is 2025-04-08; source filename/title says 2024.
BV-ASI-0112,Rani Lakshmi Bai Mahal,asi_monuments_clean.csv,Processed ASI monument visitor table,Not Available,Not Available,Processed CSV,Not Available,UNVERIFIED,domestic_visitors; international_visitors; visitor_count; circle; 2019-20 and 2020-21 visitor measures,Exact normalized destination-name join,File has no source or URL field; 'ASI' in filename alone is not proof of official provenance.
BV-ASI-0112,Rani Lakshmi Bai Mahal,bharatverse_monuments.csv,BharatVerse processed monument enrichment,Not Available,Not Available,Processed CSV,Not Available,UNVERIFIED,city; state; latitude; longitude; heritage_category; tourism_popularity,Exact normalized destination-name join,Coordinates and categories are retained as supplied but need independent source verification.
BV-ASI-0113,Red Fort,CPM List 2024_(3698).pdf,Archaeological Survey of India - Centrally Protected Monuments/Sites list,Not Available,2024,Official government PDF,3,OFFICIAL,destination_type; official-list presence,Exact normalized name match on PDF page 72,PDF metadata creation date is 2025-04-08; source filename/title says 2024.
BV-ASI-0113,Red Fort,asi_monuments_clean.csv,Processed ASI monument visitor table,Not Available,Not Available,Processed CSV,Not Available,UNVERIFIED,domestic_visitors; international_visitors; visitor_count; circle; 2019-20 and 2020-21 visitor measures,Exact normalized destination-name join,File has no source or URL field; 'ASI' in filename alone is not proof of official provenance.
BV-ASI-0113,Red Fort,bharatverse_monuments.csv,BharatVerse processed monument enrichment,Not Available,Not Available,Processed CSV,Not Available,UNVERIFIED,city; state; latitude; longitude; heritage_category; tourism_popularity,Exact normalized destination-name join,Coordinates and categories are retained as supplied but need independent source verification.
BV-ASI-0114,"Remains of Patliputra Site of Mauryan Palace, Kumrahar",CPM List 2024_(3698).pdf,Archaeological Survey of India - Centrally Protected Monuments/Sites list,Not Available,2024,Official government PDF,3,OFFICIAL,destination_type; official-list presence,No exact normalized name match,PDF metadata creation date is 2025-04-08; source filename/title says 2024.
BV-ASI-0114,"Remains of Patliputra Site of Mauryan Palace, Kumrahar",asi_monuments_clean.csv,Processed ASI monument visitor table,Not Available,Not Available,Processed CSV,Not Available,UNVERIFIED,domestic_visitors; international_visitors; visitor_count; circle; 2019-20 and 2020-21 visitor measures,Exact normalized destination-name join,File has no source or URL field; 'ASI' in filename alone is not proof of official provenance.
BV-ASI-0114,"Remains of Patliputra Site of Mauryan Palace, Kumrahar",bharatverse_monuments.csv,BharatVerse processed monument enrichment,Not Available,Not Available,Processed CSV,Not Available,UNVERIFIED,city; state; latitude; longitude; heritage_category; tourism_popularity,Exact normalized destination-name join,Coordinates and categories are retained as supplied but need independent source verification.
BV-ASI-0115,Residency Building,CPM List 2024_(3698).pdf,Archaeological Survey of India - Centrally Protected Monuments/Sites list,Not Available,2024,Official government PDF,3,OFFICIAL,destination_type; official-list presence,Exact normalized name match on PDF page 126,PDF metadata creation date is 2025-04-08; source filename/title says 2024.
BV-ASI-0115,Residency Building,asi_monuments_clean.csv,Processed ASI monument visitor table,Not Available,Not Available,Processed CSV,Not Available,UNVERIFIED,domestic_visitors; international_visitors; visitor_count; circle; 2019-20 and 2020-21 visitor measures,Exact normalized destination-name join,File has no source or URL field; 'ASI' in filename alone is not proof of official provenance.
BV-ASI-0115,Residency Building,bharatverse_monuments.csv,BharatVerse processed monument enrichment,Not Available,Not Available,Processed CSV,Not Available,UNVERIFIED,city; state; latitude; longitude; heritage_category; tourism_popularity,Exact normalized destination-name join,Coordinates and categories are retained as supplied but need independent source verification.
BV-ASI-0116,"Rock-cut Jain Temple, Sittannavasasl",CPM List 2024_(3698).pdf,Archaeological Survey of India - Centrally Protected Monuments/Sites list,Not Available,2024,Official government PDF,3,OFFICIAL,destination_type; official-list presence,No exact normalized name match,PDF metadata creation date is 2025-04-08; source filename/title says 2024.
BV-ASI-0116,"Rock-cut Jain Temple, Sittannavasasl",asi_monuments_clean.csv,Processed ASI monument visitor table,Not Available,Not Available,Processed CSV,Not Available,UNVERIFIED,domestic_visitors; international_visitors; visitor_count; circle; 2019-20 and 2020-21 visitor measures,Exact normalized destination-name join,File has no source or URL field; 'ASI' in filename alone is not proof of official provenance.
BV-ASI-0116,"Rock-cut Jain Temple, Sittannavasasl",bharatverse_monuments.csv,BharatVerse processed monument enrichment,Not Available,Not Available,Processed CSV,Not Available,UNVERIFIED,city; state; latitude; longitude; heritage_category; tourism_popularity,Exact normalized destination-name join,Coordinates and categories are retained as supplied but need independent source verification.
BV-ASI-0117,Rock-cut Temples and Sculptures,CPM List 2024_(3698).pdf,Archaeological Survey of India - Centrally Protected Monuments/Sites list,Not Available,2024,Official government PDF,3,OFFICIAL,destination_type; official-list presence,No exact normalized name match,PDF metadata creation date is 2025-04-08; source filename/title says 2024.
BV-ASI-0117,Rock-cut Temples and Sculptures,asi_monuments_clean.csv,Processed ASI monument visitor table,Not Available,Not Available,Processed CSV,Not Available,UNVERIFIED,domestic_visitors; international_visitors; visitor_count; circle; 2019-20 and 2020-21 visitor measures,Exact normalized destination-name join,File has no source or URL field; 'ASI' in filename alone is not proof of official provenance.
BV-ASI-0117,Rock-cut Temples and Sculptures,bharatverse_monuments.csv,BharatVerse processed monument enrichment,Not Available,Not Available,Processed CSV,Not Available,UNVERIFIED,city; state; latitude; longitude; heritage_category; tourism_popularity,Exact normalized destination-name join,Coordinates and categories are retained as supplied but need independent source verification.
BV-ASI-0118,Roopmati's Pavilion,CPM List 2024_(3698).pdf,Archaeological Survey of India - Centrally Protected Monuments/Sites list,Not Available,2024,Official government PDF,3,OFFICIAL,destination_type; official-list presence,No exact normalized name match,PDF metadata creation date is 2025-04-08; source filename/title says 2024.
BV-ASI-0118,Roopmati's Pavilion,asi_monuments_clean.csv,Processed ASI monument visitor table,Not Available,Not Available,Processed CSV,Not Available,UNVERIFIED,domestic_visitors; international_visitors; visitor_count; circle; 2019-20 and 2020-21 visitor measures,Exact normalized destination-name join,File has no source or URL field; 'ASI' in filename alone is not proof of official provenance.
BV-ASI-0118,Roopmati's Pavilion,bharatverse_monuments.csv,BharatVerse processed monument enrichment,Not Available,Not Available,Processed CSV,Not Available,UNVERIFIED,city; state; latitude; longitude; heritage_category; tourism_popularity,Exact normalized destination-name join,Coordinates and categories are retained as supplied but need independent source verification.
BV-ASI-0119,"Rudabai Step Well, Adalaj",CPM List 2024_(3698).pdf,Archaeological Survey of India - Centrally Protected Monuments/Sites list,Not Available,2024,Official government PDF,3,OFFICIAL,destination_type; official-list presence,No exact normalized name match,PDF metadata creation date is 2025-04-08; source filename/title says 2024.
BV-ASI-0119,"Rudabai Step Well, Adalaj",asi_monuments_clean.csv,Processed ASI monument visitor table,Not Available,Not Available,Processed CSV,Not Available,UNVERIFIED,domestic_visitors; international_visitors; visitor_count; circle; 2019-20 and 2020-21 visitor measures,Exact normalized destination-name join,File has no source or URL field; 'ASI' in filename alone is not proof of official provenance.
BV-ASI-0119,"Rudabai Step Well, Adalaj",bharatverse_monuments.csv,BharatVerse processed monument enrichment,Not Available,Not Available,Processed CSV,Not Available,UNVERIFIED,city; state; latitude; longitude; heritage_category; tourism_popularity,Exact normalized destination-name join,Coordinates and categories are retained as supplied but need independent source verification.
BV-ASI-0120,"Ruined Fort, kangra",CPM List 2024_(3698).pdf,Archaeological Survey of India - Centrally Protected Monuments/Sites list,Not Available,2024,Official government PDF,3,OFFICIAL,destination_type; official-list presence,Exact normalized name match on PDF page 28,PDF metadata creation date is 2025-04-08; source filename/title says 2024.
BV-ASI-0120,"Ruined Fort, kangra",asi_monuments_clean.csv,Processed ASI monument visitor table,Not Available,Not Available,Processed CSV,Not Available,UNVERIFIED,domestic_visitors; international_visitors; visitor_count; circle; 2019-20 and 2020-21 visitor measures,Exact normalized destination-name join,File has no source or URL field; 'ASI' in filename alone is not proof of official provenance.
BV-ASI-0120,"Ruined Fort, kangra",bharatverse_monuments.csv,BharatVerse processed monument enrichment,Not Available,Not Available,Processed CSV,Not Available,UNVERIFIED,city; state; latitude; longitude; heritage_category; tourism_popularity,Exact normalized destination-name join,Coordinates and categories are retained as supplied but need independent source verification.
BV-ASI-0121,Ruins of Buddhist Temples and Images lalitgiri,CPM List 2024_(3698).pdf,Archaeological Survey of India - Centrally Protected Monuments/Sites list,Not Available,2024,Official government PDF,3,OFFICIAL,destination_type; official-list presence,No exact normalized name match,PDF metadata creation date is 2025-04-08; source filename/title says 2024.
BV-ASI-0121,Ruins of Buddhist Temples and Images lalitgiri,asi_monuments_clean.csv,Processed ASI monument visitor table,Not Available,Not Available,Processed CSV,Not Available,UNVERIFIED,domestic_visitors; international_visitors; visitor_count; circle; 2019-20 and 2020-21 visitor measures,Exact normalized destination-name join,File has no source or URL field; 'ASI' in filename alone is not proof of official provenance.
BV-ASI-0121,Ruins of Buddhist Temples and Images lalitgiri,bharatverse_monuments.csv,BharatVerse processed monument enrichment,Not Available,Not Available,Processed CSV,Not Available,UNVERIFIED,city; state; latitude; longitude; heritage_category; tourism_popularity,Exact normalized destination-name join,Coordinates and categories are retained as supplied but need independent source verification.
BV-ASI-0122,Safdarjung Tomb,CPM List 2024_(3698).pdf,Archaeological Survey of India - Centrally Protected Monuments/Sites list,Not Available,2024,Official government PDF,3,OFFICIAL,destination_type; official-list presence,No exact normalized name match,PDF metadata creation date is 2025-04-08; source filename/title says 2024.
BV-ASI-0122,Safdarjung Tomb,asi_monuments_clean.csv,Processed ASI monument visitor table,Not Available,Not Available,Processed CSV,Not Available,UNVERIFIED,domestic_visitors; international_visitors; visitor_count; circle; 2019-20 and 2020-21 visitor measures,Exact normalized destination-name join,File has no source or URL field; 'ASI' in filename alone is not proof of official provenance.
BV-ASI-0122,Safdarjung Tomb,bharatverse_monuments.csv,BharatVerse processed monument enrichment,Not Available,Not Available,Processed CSV,Not Available,UNVERIFIED,city; state; latitude; longitude; heritage_category; tourism_popularity,Exact normalized destination-name join,Coordinates and categories are retained as supplied but need independent source verification.
BV-ASI-0123,Shaniwarwada,CPM List 2024_(3698).pdf,Archaeological Survey of India - Centrally Protected Monuments/Sites list,Not Available,2024,Official government PDF,3,OFFICIAL,destination_type; official-list presence,No exact normalized name match,PDF metadata creation date is 2025-04-08; source filename/title says 2024.
BV-ASI-0123,Shaniwarwada,asi_monuments_clean.csv,Processed ASI monument visitor table,Not Available,Not Available,Processed CSV,Not Available,UNVERIFIED,domestic_visitors; international_visitors; visitor_count; circle; 2019-20 and 2020-21 visitor measures,Exact normalized destination-name join,File has no source or URL field; 'ASI' in filename alone is not proof of official provenance.
BV-ASI-0123,Shaniwarwada,bharatverse_monuments.csv,BharatVerse processed monument enrichment,Not Available,Not Available,Processed CSV,Not Available,UNVERIFIED,city; state; latitude; longitude; heritage_category; tourism_popularity,Exact normalized destination-name join,Coordinates and categories are retained as supplied but need independent source verification.
BV-ASI-0124,Sheikh Chilli's Tomb,CPM List 2024_(3698).pdf,Archaeological Survey of India - Centrally Protected Monuments/Sites list,Not Available,2024,Official government PDF,3,OFFICIAL,destination_type; official-list presence,Exact normalized name match on PDF page 26,PDF metadata creation date is 2025-04-08; source filename/title says 2024.
BV-ASI-0124,Sheikh Chilli's Tomb,asi_monuments_clean.csv,Processed ASI monument visitor table,Not Available,Not Available,Processed CSV,Not Available,UNVERIFIED,domestic_visitors; international_visitors; visitor_count; circle; 2019-20 and 2020-21 visitor measures,Exact normalized destination-name join,File has no source or URL field; 'ASI' in filename alone is not proof of official provenance.
BV-ASI-0124,Sheikh Chilli's Tomb,bharatverse_monuments.csv,BharatVerse processed monument enrichment,Not Available,Not Available,Processed CSV,Not Available,UNVERIFIED,city; state; latitude; longitude; heritage_category; tourism_popularity,Exact normalized destination-name join,Coordinates and categories are retained as supplied but need independent source verification.
BV-ASI-0125,Sher Shah's Tomb,CPM List 2024_(3698).pdf,Archaeological Survey of India - Centrally Protected Monuments/Sites list,Not Available,2024,Official government PDF,3,OFFICIAL,destination_type; official-list presence,No exact normalized name match,PDF metadata creation date is 2025-04-08; source filename/title says 2024.
BV-ASI-0125,Sher Shah's Tomb,asi_monuments_clean.csv,Processed ASI monument visitor table,Not Available,Not Available,Processed CSV,Not Available,UNVERIFIED,domestic_visitors; international_visitors; visitor_count; circle; 2019-20 and 2020-21 visitor measures,Exact normalized destination-name join,File has no source or URL field; 'ASI' in filename alone is not proof of official provenance.
BV-ASI-0125,Sher Shah's Tomb,bharatverse_monuments.csv,BharatVerse processed monument enrichment,Not Available,Not Available,Processed CSV,Not Available,UNVERIFIED,city; state; latitude; longitude; heritage_category; tourism_popularity,Exact normalized destination-name join,Coordinates and categories are retained as supplied but need independent source verification.
BV-ASI-0126,Site of Sahet mahet,CPM List 2024_(3698).pdf,Archaeological Survey of India - Centrally Protected Monuments/Sites list,Not Available,2024,Official government PDF,3,OFFICIAL,destination_type; official-list presence,Exact normalized name match on PDF page 127,PDF metadata creation date is 2025-04-08; source filename/title says 2024.
BV-ASI-0126,Site of Sahet mahet,asi_monuments_clean.csv,Processed ASI monument visitor table,Not Available,Not Available,Processed CSV,Not Available,UNVERIFIED,domestic_visitors; international_visitors; visitor_count; circle; 2019-20 and 2020-21 visitor measures,Exact normalized destination-name join,File has no source or URL field; 'ASI' in filename alone is not proof of official provenance.
BV-ASI-0126,Site of Sahet mahet,bharatverse_monuments.csv,BharatVerse processed monument enrichment,Not Available,Not Available,Processed CSV,Not Available,UNVERIFIED,city; state; latitude; longitude; heritage_category; tourism_popularity,Exact normalized destination-name join,Coordinates and categories are retained as supplied but need independent source verification.
BV-ASI-0127,Sultanghari Tomb,CPM List 2024_(3698).pdf,Archaeological Survey of India - Centrally Protected Monuments/Sites list,Not Available,2024,Official government PDF,3,OFFICIAL,destination_type; official-list presence,No exact normalized name match,PDF metadata creation date is 2025-04-08; source filename/title says 2024.
BV-ASI-0127,Sultanghari Tomb,asi_monuments_clean.csv,Processed ASI monument visitor table,Not Available,Not Available,Processed CSV,Not Available,UNVERIFIED,domestic_visitors; international_visitors; visitor_count; circle; 2019-20 and 2020-21 visitor measures,Exact normalized destination-name join,File has no source or URL field; 'ASI' in filename alone is not proof of official provenance.
BV-ASI-0127,Sultanghari Tomb,bharatverse_monuments.csv,BharatVerse processed monument enrichment,Not Available,Not Available,Processed CSV,Not Available,UNVERIFIED,city; state; latitude; longitude; heritage_category; tourism_popularity,Exact normalized destination-name join,Coordinates and categories are retained as supplied but need independent source verification.
BV-ASI-0128,"Sun Temple, Konark",CPM List 2024_(3698).pdf,Archaeological Survey of India - Centrally Protected Monuments/Sites list,Not Available,2024,Official government PDF,3,OFFICIAL,destination_type; official-list presence,No exact normalized name match,PDF metadata creation date is 2025-04-08; source filename/title says 2024.
BV-ASI-0128,"Sun Temple, Konark",asi_monuments_clean.csv,Processed ASI monument visitor table,Not Available,Not Available,Processed CSV,Not Available,UNVERIFIED,domestic_visitors; international_visitors; visitor_count; circle; 2019-20 and 2020-21 visitor measures,Exact normalized destination-name join,File has no source or URL field; 'ASI' in filename alone is not proof of official provenance.
BV-ASI-0128,"Sun Temple, Konark",bharatverse_monuments.csv,BharatVerse processed monument enrichment,Not Available,Not Available,Processed CSV,Not Available,UNVERIFIED,city; state; latitude; longitude; heritage_category; tourism_popularity,Exact normalized destination-name join,Coordinates and categories are retained as supplied but need independent source verification.
BV-ASI-0129,"Sun temple, Modhera",CPM List 2024_(3698).pdf,Archaeological Survey of India - Centrally Protected Monuments/Sites list,Not Available,2024,Official government PDF,3,OFFICIAL,destination_type; official-list presence,No exact normalized name match,PDF metadata creation date is 2025-04-08; source filename/title says 2024.
BV-ASI-0129,"Sun temple, Modhera",asi_monuments_clean.csv,Processed ASI monument visitor table,Not Available,Not Available,Processed CSV,Not Available,UNVERIFIED,domestic_visitors; international_visitors; visitor_count; circle; 2019-20 and 2020-21 visitor measures,Exact normalized destination-name join,File has no source or URL field; 'ASI' in filename alone is not proof of official provenance.
BV-ASI-0129,"Sun temple, Modhera",bharatverse_monuments.csv,BharatVerse processed monument enrichment,Not Available,Not Available,Processed CSV,Not Available,UNVERIFIED,city; state; latitude; longitude; heritage_category; tourism_popularity,Exact normalized destination-name join,Coordinates and categories are retained as supplied but need independent source verification.
BV-ASI-0130,Suraj Kund,CPM List 2024_(3698).pdf,Archaeological Survey of India - Centrally Protected Monuments/Sites list,Not Available,2024,Official government PDF,3,OFFICIAL,destination_type; official-list presence,Exact normalized name match on PDF page 25,PDF metadata creation date is 2025-04-08; source filename/title says 2024.
BV-ASI-0130,Suraj Kund,asi_monuments_clean.csv,Processed ASI monument visitor table,Not Available,Not Available,Processed CSV,Not Available,UNVERIFIED,domestic_visitors; international_visitors; visitor_count; circle; 2019-20 and 2020-21 visitor measures,Exact normalized destination-name join,File has no source or URL field; 'ASI' in filename alone is not proof of official provenance.
BV-ASI-0130,Suraj Kund,bharatverse_monuments.csv,BharatVerse processed monument enrichment,Not Available,Not Available,Processed CSV,Not Available,UNVERIFIED,city; state; latitude; longitude; heritage_category; tourism_popularity,Exact normalized destination-name join,Coordinates and categories are retained as supplied but need independent source verification.
BV-ASI-0131,Taj Mahal,CPM List 2024_(3698).pdf,Archaeological Survey of India - Centrally Protected Monuments/Sites list,Not Available,2024,Official government PDF,3,OFFICIAL,destination_type; official-list presence,Exact normalized name match on PDF page 109,PDF metadata creation date is 2025-04-08; source filename/title says 2024.
BV-ASI-0131,Taj Mahal,asi_monuments_clean.csv,Processed ASI monument visitor table,Not Available,Not Available,Processed CSV,Not Available,UNVERIFIED,domestic_visitors; international_visitors; visitor_count; circle; 2019-20 and 2020-21 visitor measures,Exact normalized destination-name join,File has no source or URL field; 'ASI' in filename alone is not proof of official provenance.
BV-ASI-0131,Taj Mahal,bharatverse_monuments.csv,BharatVerse processed monument enrichment,Not Available,Not Available,Processed CSV,Not Available,UNVERIFIED,city; state; latitude; longitude; heritage_category; tourism_popularity,Exact normalized destination-name join,Coordinates and categories are retained as supplied but need independent source verification.
BV-ASI-0132,Temple of Laxman and Old sites including sculptures sirpur,CPM List 2024_(3698).pdf,Archaeological Survey of India - Centrally Protected Monuments/Sites list,Not Available,2024,Official government PDF,3,OFFICIAL,destination_type; official-list presence,No exact normalized name match,PDF metadata creation date is 2025-04-08; source filename/title says 2024.
BV-ASI-0132,Temple of Laxman and Old sites including sculptures sirpur,asi_monuments_clean.csv,Processed ASI monument visitor table,Not Available,Not Available,Processed CSV,Not Available,UNVERIFIED,domestic_visitors; international_visitors; visitor_count; circle; 2019-20 and 2020-21 visitor measures,Exact normalized destination-name join,File has no source or URL field; 'ASI' in filename alone is not proof of official provenance.
BV-ASI-0132,Temple of Laxman and Old sites including sculptures sirpur,bharatverse_monuments.csv,BharatVerse processed monument enrichment,Not Available,Not Available,Processed CSV,Not Available,UNVERIFIED,city; state; latitude; longitude; heritage_category; tourism_popularity,Exact normalized destination-name join,Coordinates and categories are retained as supplied but need independent source verification.
BV-ASI-0133,"Temples & Sculpture Shed, lakkumdi",CPM List 2024_(3698).pdf,Archaeological Survey of India - Centrally Protected Monuments/Sites list,Not Available,2024,Official government PDF,3,OFFICIAL,destination_type; official-list presence,No exact normalized name match,PDF metadata creation date is 2025-04-08; source filename/title says 2024.
BV-ASI-0133,"Temples & Sculpture Shed, lakkumdi",asi_monuments_clean.csv,Processed ASI monument visitor table,Not Available,Not Available,Processed CSV,Not Available,UNVERIFIED,domestic_visitors; international_visitors; visitor_count; circle; 2019-20 and 2020-21 visitor measures,Exact normalized destination-name join,File has no source or URL field; 'ASI' in filename alone is not proof of official provenance.
BV-ASI-0133,"Temples & Sculpture Shed, lakkumdi",bharatverse_monuments.csv,BharatVerse processed monument enrichment,Not Available,Not Available,Processed CSV,Not Available,UNVERIFIED,city; state; latitude; longitude; heritage_category; tourism_popularity,Exact normalized destination-name join,Coordinates and categories are retained as supplied but need independent source verification.
BV-ASI-0134,The Hill Containing Many Valuable Sculptures and Images Ratnagiri,CPM List 2024_(3698).pdf,Archaeological Survey of India - Centrally Protected Monuments/Sites list,Not Available,2024,Official government PDF,3,OFFICIAL,destination_type; official-list presence,No exact normalized name match,PDF metadata creation date is 2025-04-08; source filename/title says 2024.
BV-ASI-0134,The Hill Containing Many Valuable Sculptures and Images Ratnagiri,asi_monuments_clean.csv,Processed ASI monument visitor table,Not Available,Not Available,Processed CSV,Not Available,UNVERIFIED,domestic_visitors; international_visitors; visitor_count; circle; 2019-20 and 2020-21 visitor measures,Exact normalized destination-name join,File has no source or URL field; 'ASI' in filename alone is not proof of official provenance.
BV-ASI-0134,The Hill Containing Many Valuable Sculptures and Images Ratnagiri,bharatverse_monuments.csv,BharatVerse processed monument enrichment,Not Available,Not Available,Processed CSV,Not Available,UNVERIFIED,city; state; latitude; longitude; heritage_category; tourism_popularity,Exact normalized destination-name join,Coordinates and categories are retained as supplied but need independent source verification.
BV-ASI-0135,"The palace situated in the fort, Burhanpur",CPM List 2024_(3698).pdf,Archaeological Survey of India - Centrally Protected Monuments/Sites list,Not Available,2024,Official government PDF,3,OFFICIAL,destination_type; official-list presence,Exact normalized name match on PDF page 51,PDF metadata creation date is 2025-04-08; source filename/title says 2024.
BV-ASI-0135,"The palace situated in the fort, Burhanpur",asi_monuments_clean.csv,Processed ASI monument visitor table,Not Available,Not Available,Processed CSV,Not Available,UNVERIFIED,domestic_visitors; international_visitors; visitor_count; circle; 2019-20 and 2020-21 visitor measures,Exact normalized destination-name join,File has no source or URL field; 'ASI' in filename alone is not proof of official provenance.
BV-ASI-0135,"The palace situated in the fort, Burhanpur",bharatverse_monuments.csv,BharatVerse processed monument enrichment,Not Available,Not Available,Processed CSV,Not Available,UNVERIFIED,city; state; latitude; longitude; heritage_category; tourism_popularity,Exact normalized destination-name join,Coordinates and categories are retained as supplied but need independent source verification.
BV-ASI-0136,"Tiger headed Rock cut temple & two other monuments, Saluvankuppam",CPM List 2024_(3698).pdf,Archaeological Survey of India - Centrally Protected Monuments/Sites list,Not Available,2024,Official government PDF,3,OFFICIAL,destination_type; official-list presence,No exact normalized name match,PDF metadata creation date is 2025-04-08; source filename/title says 2024.
BV-ASI-0136,"Tiger headed Rock cut temple & two other monuments, Saluvankuppam",asi_monuments_clean.csv,Processed ASI monument visitor table,Not Available,Not Available,Processed CSV,Not Available,UNVERIFIED,domestic_visitors; international_visitors; visitor_count; circle; 2019-20 and 2020-21 visitor measures,Exact normalized destination-name join,File has no source or URL field; 'ASI' in filename alone is not proof of official provenance.
BV-ASI-0136,"Tiger headed Rock cut temple & two other monuments, Saluvankuppam",bharatverse_monuments.csv,BharatVerse processed monument enrichment,Not Available,Not Available,Processed CSV,Not Available,UNVERIFIED,city; state; latitude; longitude; heritage_category; tourism_popularity,Exact normalized destination-name join,Coordinates and categories are retained as supplied but need independent source verification.
BV-ASI-0137,Tirumalai Nayak's Palace Srivilliputhur,CPM List 2024_(3698).pdf,Archaeological Survey of India - Centrally Protected Monuments/Sites list,Not Available,2024,Official government PDF,3,OFFICIAL,destination_type; official-list presence,No exact normalized name match,PDF metadata creation date is 2025-04-08; source filename/title says 2024.
BV-ASI-0137,Tirumalai Nayak's Palace Srivilliputhur,asi_monuments_clean.csv,Processed ASI monument visitor table,Not Available,Not Available,Processed CSV,Not Available,UNVERIFIED,domestic_visitors; international_visitors; visitor_count; circle; 2019-20 and 2020-21 visitor measures,Exact normalized destination-name join,File has no source or URL field; 'ASI' in filename alone is not proof of official provenance.
BV-ASI-0137,Tirumalai Nayak's Palace Srivilliputhur,bharatverse_monuments.csv,BharatVerse processed monument enrichment,Not Available,Not Available,Processed CSV,Not Available,UNVERIFIED,city; state; latitude; longitude; heritage_category; tourism_popularity,Exact normalized destination-name join,Coordinates and categories are retained as supplied but need independent source verification.
BV-ASI-0138,Tomb of Lal Khan,CPM List 2024_(3698).pdf,Archaeological Survey of India - Centrally Protected Monuments/Sites list,Not Available,2024,Official government PDF,3,OFFICIAL,destination_type; official-list presence,Exact normalized name match on PDF page 64,PDF metadata creation date is 2025-04-08; source filename/title says 2024.
BV-ASI-0138,Tomb of Lal Khan,asi_monuments_clean.csv,Processed ASI monument visitor table,Not Available,Not Available,Processed CSV,Not Available,UNVERIFIED,domestic_visitors; international_visitors; visitor_count; circle; 2019-20 and 2020-21 visitor measures,Exact normalized destination-name join,File has no source or URL field; 'ASI' in filename alone is not proof of official provenance.
BV-ASI-0138,Tomb of Lal Khan,bharatverse_monuments.csv,BharatVerse processed monument enrichment,Not Available,Not Available,Processed CSV,Not Available,UNVERIFIED,city; state; latitude; longitude; heritage_category; tourism_popularity,Exact normalized destination-name join,Coordinates and categories are retained as supplied but need independent source verification.
BV-ASI-0139,Tomb of Rabia Durani (Bibi ka Maqbara),CPM List 2024_(3698).pdf,Archaeological Survey of India - Centrally Protected Monuments/Sites list,Not Available,2024,Official government PDF,3,OFFICIAL,destination_type; official-list presence,No exact normalized name match,PDF metadata creation date is 2025-04-08; source filename/title says 2024.
BV-ASI-0139,Tomb of Rabia Durani (Bibi ka Maqbara),asi_monuments_clean.csv,Processed ASI monument visitor table,Not Available,Not Available,Processed CSV,Not Available,UNVERIFIED,domestic_visitors; international_visitors; visitor_count; circle; 2019-20 and 2020-21 visitor measures,Exact normalized destination-name join,File has no source or URL field; 'ASI' in filename alone is not proof of official provenance.
BV-ASI-0139,Tomb of Rabia Durani (Bibi ka Maqbara),bharatverse_monuments.csv,BharatVerse processed monument enrichment,Not Available,Not Available,Processed CSV,Not Available,UNVERIFIED,city; state; latitude; longitude; heritage_category; tourism_popularity,Exact normalized destination-name join,Coordinates and categories are retained as supplied but need independent source verification.
BV-ASI-0140,Tughluqabad,CPM List 2024_(3698).pdf,Archaeological Survey of India - Centrally Protected Monuments/Sites list,Not Available,2024,Official government PDF,3,OFFICIAL,destination_type; official-list presence,No exact normalized name match,PDF metadata creation date is 2025-04-08; source filename/title says 2024.
BV-ASI-0140,Tughluqabad,asi_monuments_clean.csv,Processed ASI monument visitor table,Not Available,Not Available,Processed CSV,Not Available,UNVERIFIED,domestic_visitors; international_visitors; visitor_count; circle; 2019-20 and 2020-21 visitor measures,Exact normalized destination-name join,File has no source or URL field; 'ASI' in filename alone is not proof of official provenance.
BV-ASI-0140,Tughluqabad,bharatverse_monuments.csv,BharatVerse processed monument enrichment,Not Available,Not Available,Processed CSV,Not Available,UNVERIFIED,city; state; latitude; longitude; heritage_category; tourism_popularity,Exact normalized destination-name join,Coordinates and categories are retained as supplied but need independent source verification.
BV-ASI-0141,Undavalli caves,CPM List 2024_(3698).pdf,Archaeological Survey of India - Centrally Protected Monuments/Sites list,Not Available,2024,Official government PDF,3,OFFICIAL,destination_type; official-list presence,No exact normalized name match,PDF metadata creation date is 2025-04-08; source filename/title says 2024.
BV-ASI-0141,Undavalli caves,asi_monuments_clean.csv,Processed ASI monument visitor table,Not Available,Not Available,Processed CSV,Not Available,UNVERIFIED,domestic_visitors; international_visitors; visitor_count; circle; 2019-20 and 2020-21 visitor measures,Exact normalized destination-name join,File has no source or URL field; 'ASI' in filename alone is not proof of official provenance.
BV-ASI-0141,Undavalli caves,bharatverse_monuments.csv,BharatVerse processed monument enrichment,Not Available,Not Available,Processed CSV,Not Available,UNVERIFIED,city; state; latitude; longitude; heritage_category; tourism_popularity,Exact normalized destination-name join,Coordinates and categories are retained as supplied but need independent source verification.
BV-ASI-0142,Upper Fort Aguada,CPM List 2024_(3698).pdf,Archaeological Survey of India - Centrally Protected Monuments/Sites list,Not Available,2024,Official government PDF,3,OFFICIAL,destination_type; official-list presence,No exact normalized name match,PDF metadata creation date is 2025-04-08; source filename/title says 2024.
BV-ASI-0142,Upper Fort Aguada,asi_monuments_clean.csv,Processed ASI monument visitor table,Not Available,Not Available,Processed CSV,Not Available,UNVERIFIED,domestic_visitors; international_visitors; visitor_count; circle; 2019-20 and 2020-21 visitor measures,Exact normalized destination-name join,File has no source or URL field; 'ASI' in filename alone is not proof of official provenance.
BV-ASI-0142,Upper Fort Aguada,bharatverse_monuments.csv,BharatVerse processed monument enrichment,Not Available,Not Available,Processed CSV,Not Available,UNVERIFIED,city; state; latitude; longitude; heritage_category; tourism_popularity,Exact normalized destination-name join,Coordinates and categories are retained as supplied but need independent source verification.
BV-ASI-0143,Warangal,CPM List 2024_(3698).pdf,Archaeological Survey of India - Centrally Protected Monuments/Sites list,Not Available,2024,Official government PDF,3,OFFICIAL,destination_type; official-list presence,Exact normalized name match on PDF page 92,PDF metadata creation date is 2025-04-08; source filename/title says 2024.
BV-ASI-0143,Warangal,asi_monuments_clean.csv,Processed ASI monument visitor table,Not Available,Not Available,Processed CSV,Not Available,UNVERIFIED,domestic_visitors; international_visitors; visitor_count; circle; 2019-20 and 2020-21 visitor measures,Exact normalized destination-name join,File has no source or URL field; 'ASI' in filename alone is not proof of official provenance.
BV-ASI-0143,Warangal,bharatverse_monuments.csv,BharatVerse processed monument enrichment,Not Available,Not Available,Processed CSV,Not Available,UNVERIFIED,city; state; latitude; longitude; heritage_category; tourism_popularity,Exact normalized destination-name join,Coordinates and categories are retained as supplied but need independent source verification.
BV-ASI-0144,"Western Group of Temples, Khajuraho",CPM List 2024_(3698).pdf,Archaeological Survey of India - Centrally Protected Monuments/Sites list,Not Available,2024,Official government PDF,3,OFFICIAL,destination_type; official-list presence,No exact normalized name match,PDF metadata creation date is 2025-04-08; source filename/title says 2024.
BV-ASI-0144,"Western Group of Temples, Khajuraho",asi_monuments_clean.csv,Processed ASI monument visitor table,Not Available,Not Available,Processed CSV,Not Available,UNVERIFIED,domestic_visitors; international_visitors; visitor_count; circle; 2019-20 and 2020-21 visitor measures,Exact normalized destination-name join,File has no source or URL field; 'ASI' in filename alone is not proof of official provenance.
BV-ASI-0144,"Western Group of Temples, Khajuraho",bharatverse_monuments.csv,BharatVerse processed monument enrichment,Not Available,Not Available,Processed CSV,Not Available,UNVERIFIED,city; state; latitude; longitude; heritage_category; tourism_popularity,Exact normalized destination-name join,Coordinates and categories are retained as supplied but need independent source verification.
Not Applicable,Not Applicable,india_tourism_official_2024.csv,"Ministry of Tourism, Government of India - India Tourism Data Compendium 2025",Not Available,2024,Official government CSV,2,OFFICIAL,"state/UT aggregate domestic and foreign tourism visits, 2023-2024","Read-only inspection; not merged because it is state/UT-level, not destination-level.",36 rows; source value is embedded in each CSV record.
Not Applicable,Not Applicable,tourism_arrivals_region.csv,Regional arrivals distribution CSV,Not Available,Not Available,Raw CSV,Not Available,UNVERIFIED,country/territory arrival counts and regional percentages,"Read-only inspection; not merged because it is country/region-level, not destination-level.",No source/provenance column in file.
